texte_brut,categorie_causale,sous_categorie,date_creation,statut,delai_reponse_jours,canal_reception,agence,reference_dossier
"Cela fait 178 jours que j'attends une réponse à mon courrier du 06/03/2026. Aucun accusé de réception, aucun interlocuteur.",Délai de traitement excessif,réponse non reçue sous 45 jours,2026-03-06,en_retard,178,réseaux sociaux,Bamenda - New-Bell,REC-2026-40107
Ma plainte du 09/03/2026 portant sur 87000 F est restée sans réponse depuis 175 jours. La réglementation impose 45 jours maximum.,Délai de traitement excessif,réponse non reçue sous 45 jours,2026-03-09,en_retard,175,guichet,Yaoundé - Tsinga,REC-2026-44289
"Dossier déposé le 10/03/2026 à l'agence de Garoua, 174 jours sans la moindre réponse écrite. Je saisirai la COBAC si nécessaire.",Délai de traitement excessif,réponse non reçue sous 45 jours,2026-03-10,en_retard,174,réseaux sociaux,Ebolowa - Bonamoussadi,REC-2026-53462
aucune nouvelle depuis ma reclamation du 20/03/2026. ca fait 164 jours et personne ne ma rappelé,Délai de traitement excessif,réponse non reçue sous 45 jours,2026-03-20,en_retard,164,courriel,Kumba - Bonamoussadi,REC-2026-48242
"Dossier déposé le 21/03/2026 à l'agence de Bamenda, 163 jours sans la moindre réponse écrite. Je saisirai la COBAC si nécessaire.",Délai de traitement excessif,réponse non reçue sous 45 jours,2026-03-21,en_retard,163,agence,Kumba - Deido,REC-2026-96662
"Dossier déposé le 23/03/2026 à l'agence de Douala, 161 jours sans la moindre réponse écrite. Je saisirai la COBAC si nécessaire.",Délai de traitement excessif,réponse non reçue sous 45 jours,2026-03-23,en_retard,161,USSD,Bafoussam - Deido,REC-2026-17581
Relance n°4 : ma réclamation du 02/04/2026 concernant 72000 FCFA n'a reçu aucune réponse finale. Délai de traitement inacceptable.,Délai de traitement excessif,réponse non reçue sous 45 jours,2026-04-02,en_retard,151,agence,Limbe - Akwa,REC-2026-84867
"Cela fait 151 jours que j'attends une réponse à mon courrier du 02/04/2026. Aucun accusé de réception, aucun interlocuteur.",Délai de traitement excessif,réponse non reçue sous 45 jours,2026-04-02,en_retard,151,courrier recommandé,Kumba - Essos,REC-2026-81533
"on a volé 8 000 000 sur mon compte le 03/04/2026. jai reçu un sms bizarre avant, je pense que cest un piratage",Fraude / hameçonnage,code PIN compromis,2026-04-03,en_retard,150,centre d'appel,Douala - Bastos,REC-2026-13897
"Commission illégale de 78000 F prélevée en espèces par l'agent le 04/04/2026, sans reçu.",Litige agent Mobile Money,sur-facturation,2026-04-04,resolu,33,guichet,Ngaoundéré - Nlongkak,REC-2026-30829
"Le 04/04/2026, ma ligne a cessé de fonctionner et dans la foulée 6 000 000 F ont disparu de mon compte MTN MoMo. On a clairement refait ma SIM à mon insu.",Fraude / hameçonnage,SIM swap,2026-04-04,resolu,18,guichet,Bertoua - Bonamoussadi,REC-2026-43954
largent de 411000 envoyé le 05/04/2026 est allé chez quelquun que je connais pas. ce nest pas le numero que jai composé,Erreur de destinataire,mauvais numéro crédité,2026-04-05,resolu,29,application mobile,Dschang - Deido,REC-2026-74255
"L'agent de New-Bell m'a réclamé une commission supplémentaire de 8 000 000 FCFA le 06/04/2026, en plus des frais normaux.",Litige agent Mobile Money,sur-facturation,2026-04-06,resolu,32,application mobile,Maroua - Essos,REC-2026-36104
lagent a pris mon argent 320000 le 06/04/2026 et na pas fait lopération. maintenant il ne repond plus,Litige agent Mobile Money,agent insolvable,2026-04-06,resolu,10,centre d'appel,Douala - Akwa,REC-2026-63256
Fraude par échange de SIM constatée le 08/04/2026 : perte de 74000 FCFA. Un duplicata a été émis dans une agence de Douala sans ma présence.,Fraude / hameçonnage,SIM swap,2026-04-08,en_retard,145,courrier recommandé,Maroua - Bonamoussadi,REC-2026-61420
"Rejet de mes justificatifs d'identité le 08/04/2026. On m'a demandé un récépissé, je l'ai fourni, il a également été rejeté.",Compte bloqué / KYC,pièce d'identité rejetée,2026-04-08,en_retard,145,agence,Bertoua - New-Bell,REC-2026-69138
"Dossier déposé le 09/04/2026 à l'agence de Yaoundé, 144 jours sans la moindre réponse écrite. Je saisirai la COBAC si nécessaire.",Délai de traitement excessif,réponse non reçue sous 45 jours,2026-04-09,en_retard,144,réseaux sociaux,Ngaoundéré - Melen,REC-2026-85406
"Cela fait 144 jours que j'attends une réponse à mon courrier du 09/04/2026. Aucun accusé de réception, aucun interlocuteur.",Délai de traitement excessif,réponse non reçue sous 45 jours,2026-04-09,en_retard,144,courrier recommandé,Douala - Makepe,REC-2026-41584
Mouvement suspect du 09/04/2026 : 185000 F envoyés à un tiers non enregistré dans mes contacts. Aucune opération de ma part ce jour-là.,Erreur de destinataire,transfert vers tiers,2026-04-09,resolu,7,centre d'appel,Maroua - Bonamoussadi,REC-2026-26375
Relance n°4 : ma réclamation du 09/04/2026 concernant 67000 FCFA n'a reçu aucune réponse finale. Délai de traitement inacceptable.,Délai de traitement excessif,réponse non reçue sous 45 jours,2026-04-09,en_retard,144,application mobile,Kribi - Akwa,REC-2026-43696
"Dossier déposé le 11/04/2026 à l'agence de Limbe, 142 jours sans la moindre réponse écrite. Je saisirai la COBAC si nécessaire.",Délai de traitement excessif,réponse non reçue sous 45 jours,2026-04-11,en_retard,142,agence,Buea - Akwa,REC-2026-61809
Un faux agent Campost Mobile m'a abordé au marché de Makepe le 11/04/2026 et m'a soutiré 4 000 000 FCFA en prétendant régulariser mon compte.,Fraude / hameçonnage,faux agent,2026-04-11,en_retard,142,centre d'appel,Kribi - Essos,REC-2026-88888
On m'a refusé un retrait de 885000 F le 12/04/2026 au motif que « le patron n'est pas là ». C'est inadmissible.,Litige agent Mobile Money,refus de service,2026-04-12,resolu,41,réseaux sociaux,Buea - Bonamoussadi,REC-2026-77213
"Le virement de 415000 F que j'ai lancé le 12/04/2026 à Garoua n'est jamais parti. Le montant est gelé, je ne peux ni l'utiliser ni le récupérer.",Transaction Mobile Money échouée,transfert bloqué,2026-04-12,en_retard,141,centre d'appel,Bertoua - Mokolo,REC-2026-84043
"Retrait de 360000 F refusé le 12/04/2026 alors que la transaction est passée de mon côté. L'agent m'a dit de revenir demain, je suis revenu trois fois.",Transaction Mobile Money échouée,retrait agent refusé,2026-04-12,en_retard,141,agence,Dschang - Bastos,REC-2026-95220
Erreur de destinataire le 13/04/2026 : 393000 FCFA crédités à un tiers. Je demande le rappel de fonds en urgence.,Erreur de destinataire,mauvais numéro crédité,2026-04-13,resolu,43,réseaux sociaux,Garoua - Makepe,REC-2026-20408
Fraude par échange de SIM constatée le 13/04/2026 : perte de 763000 FCFA. Un duplicata a été émis dans une agence de Ebolowa sans ma présence.,Fraude / hameçonnage,SIM swap,2026-04-13,resolu,30,guichet,Limbe - Bastos,REC-2026-25267
"Mon compte a été piraté le 16/04/2026, 430000 F retirés. J'ai reçu un appel se disant du service client qui m'a demandé mon code, j'ai compris trop tard.",Fraude / hameçonnage,code PIN compromis,2026-04-16,resolu,13,centre d'appel,Limbe - Nlongkak,REC-2026-93539
mon compte est bloqué depuis le 16/04/2026 et jai 669000 dedans. jai besoin de cet argent pour la scolarité de mes enfants,Compte bloqué / KYC,blocage après contrôle,2026-04-16,en_retard,137,guichet,Limbe - Biyem-Assi,REC-2026-46105
"Le 17/04/2026, une personne se présentant comme votre agent m'a fait valider une opération de 8 000 000 F. C'était une arnaque.",Fraude / hameçonnage,faux agent,2026-04-17,en_retard,136,courriel,Ngaoundéré - Deido,REC-2026-10621
Relance n°4 : ma réclamation du 18/04/2026 concernant 7 000 000 FCFA n'a reçu aucune réponse finale. Délai de traitement inacceptable.,Délai de traitement excessif,réponse non reçue sous 45 jours,2026-04-18,en_retard,135,agence,Edéa - Essos,REC-2026-77548
"Cela fait 134 jours que j'attends une réponse à mon courrier du 19/04/2026. Aucun accusé de réception, aucun interlocuteur.",Délai de traitement excessif,réponse non reçue sous 45 jours,2026-04-19,en_cours,134,centre d'appel,Dschang - Mokolo,REC-2026-24282
Fraude par échange de SIM constatée le 20/04/2026 : perte de 1 000 000 FCFA. Un duplicata a été émis dans une agence de Ngaoundéré sans ma présence.,Fraude / hameçonnage,SIM swap,2026-04-20,en_retard,133,USSD,Limbe - Bonamoussadi,REC-2026-98798
Panne du code USSD depuis le 20/04/2026 : « service temporairement indisponible » à chaque tentative.,Panne / indisponibilité technique,service indisponible,2026-04-20,resolu,34,courriel,Yaoundé - Mvog-Mbi,REC-2026-81310
Débits frauduleux du 20/04/2026 totalisant 38000 F. Mon code PIN a manifestement été compromis après un appel suspect.,Fraude / hameçonnage,code PIN compromis,2026-04-20,resolu,38,application mobile,Buea - Makepe,REC-2026-61652
Un faux agent MTN MoMo m'a abordé au marché de Akwa le 21/04/2026 et m'a soutiré 470000 FCFA en prétendant régulariser mon compte.,Fraude / hameçonnage,faux agent,2026-04-21,resolu,41,courriel,Bafoussam - Mvog-Mbi,REC-2026-76308
"Le service est indisponible depuis le 22/04/2026, impossible de faire la moindre opération. J'ai besoin d'accéder à mes 430000 FCFA.",Panne / indisponibilité technique,service indisponible,2026-04-22,en_retard,131,courriel,Limbe - Nlongkak,REC-2026-87624
"Le 25/04/2026, l'appli s'est fermée pendant mon transfert de 280000 F. Mon solde a baissé mais aucune trace dans l'historique.",Panne / indisponibilité technique,appli plantée pendant transaction,2026-04-25,resolu,2,courriel,Kumba - New-Bell,REC-2026-64695
On m'a refusé un retrait de 5 000 000 F le 25/04/2026 au motif que « le patron n'est pas là ». C'est inadmissible.,Litige agent Mobile Money,refus de service,2026-04-25,en_retard,128,réseaux sociaux,Bafoussam - New-Bell,REC-2026-75126
Frais de tenue de compte de 7 000 000 FCFA appliqués le 25/04/2026 alors que mon offre était présentée comme sans frais. Je demande le remboursement et la grille tarifaire.,Frais non justifiés,frais cachés,2026-04-25,en_retard,128,guichet,Ngaoundéré - Essos,REC-2026-35777
qui est cette personne qui a reçu mes 17000 le 25/04/2026 ? je nai jamais fait ce transfert,Erreur de destinataire,transfert vers tiers,2026-04-25,en_retard,128,réseaux sociaux,Douala - Akwa,REC-2026-25576
Quelqu'un a réussi à faire des transactions sur mon compte sans mon accord pour un total de 335000 FCFA le 26/04/2026. Je n'ai communiqué mon code à personne.,Fraude / hameçonnage,code PIN compromis,2026-04-26,resolu,2,réseaux sociaux,Bafoussam - New-Bell,REC-2026-74074
Débits frauduleux du 26/04/2026 totalisant 769000 F. Mon code PIN a manifestement été compromis après un appel suspect.,Fraude / hameçonnage,code PIN compromis,2026-04-26,en_retard,127,guichet,Bertoua - Makepe,REC-2026-18841
Blocage de mon compte le 26/04/2026 sans préavis. On me parle de vérification KYC mais aucun document précis ne m'a été demandé.,Compte bloqué / KYC,blocage après contrôle,2026-04-26,en_retard,127,courriel,Edéa - Tsinga,REC-2026-79704
Ma plainte du 29/04/2026 portant sur 56000 F est restée sans réponse depuis 124 jours. La réglementation impose 45 jours maximum.,Délai de traitement excessif,réponse non reçue sous 45 jours,2026-04-29,en_cours,124,centre d'appel,Limbe - Biyem-Assi,REC-2026-14251
"Sur mon relevé du 30/04/2026, une ligne de 350000 FCFA que je ne reconnais pas du tout. Ce n'est ni le bon montant, ni la bonne opération.",Double débit / débit erroné,montant incorrect,2026-04-30,resolu,36,USSD,Limbe - Akwa,REC-2026-31937
qui est cette personne qui a reçu mes 7 000 000 le 01/05/2026 ? je nai jamais fait ce transfert,Erreur de destinataire,transfert vers tiers,2026-05-01,resolu,26,application mobile,Kribi - Tsinga,REC-2026-53721
"Le montant débité le 02/05/2026 ne correspond pas à ma transaction : j'avais saisi 13000 F, mon relevé en indique davantage.",Double débit / débit erroné,montant incorrect,2026-05-02,resolu,17,USSD,Yaoundé - Melen,REC-2026-29677
Sur-facturation constatée le 02/05/2026 : l'agent a exigé 2 000 000 F de « frais de dérangement » hors barème.,Litige agent Mobile Money,sur-facturation,2026-05-02,en_retard,121,agence,Maroua - Biyem-Assi,REC-2026-32630
lagent ma fait payer 66000 en plus le 02/05/2026 en disant que cest la commission. cest pas normal,Litige agent Mobile Money,sur-facturation,2026-05-02,en_retard,121,agence,Dschang - Bonabéri,REC-2026-72618
Blocage d'un transfert de 140000 FCFA depuis le 03/05/2026. On me demande de patienter 72h depuis maintenant deux semaines.,Transaction Mobile Money échouée,transfert bloqué,2026-05-03,resolu,5,USSD,Bafoussam - Mvog-Mbi,REC-2026-96610
Mon transfert de 84000 F du 03/05/2026 est parti sur un mauvais numéro. J'avais pourtant choisi le contact enregistré dans mon répertoire.,Erreur de destinataire,mauvais numéro crédité,2026-05-03,resolu,18,USSD,Kribi - New-Bell,REC-2026-77922
"Le 04/05/2026, ma ligne a cessé de fonctionner et dans la foulée 375000 F ont disparu de mon compte Campost Mobile. On a clairement refait ma SIM à mon insu.",Fraude / hameçonnage,SIM swap,2026-05-04,en_retard,119,USSD,Douala - New-Bell,REC-2026-50884
"Transaction B252161930 initiée le 04/05/2026 : toujours en attente. Impossible de l'annuler dans l'application, impossible de récupérer les 376000 F.",Transaction Mobile Money échouée,transfert bloqué,2026-05-04,resolu,15,guichet,Bafoussam - Melen,REC-2026-15564
Ma plainte du 04/05/2026 portant sur 7 000 000 F est restée sans réponse depuis 119 jours. La réglementation impose 45 jours maximum.,Délai de traitement excessif,réponse non reçue sous 45 jours,2026-05-04,en_retard,119,centre d'appel,Ebolowa - New-Bell,REC-2026-40933
"Commission illégale de 385000 F prélevée en espèces par l'agent le 05/05/2026, sans reçu.",Litige agent Mobile Money,sur-facturation,2026-05-05,en_retard,118,guichet,Kumba - Makepe,REC-2026-96265
Réclamation initiale déposée le 05/05/2026 : toujours sans réponse. Vos services se renvoient la balle depuis 118 jours.,Délai de traitement excessif,réponse non reçue sous 45 jours,2026-05-05,en_retard,118,centre d'appel,Maroua - Tsinga,REC-2026-75282
"Transaction D608902137 initiée le 05/05/2026 : toujours en attente. Impossible de l'annuler dans l'application, impossible de récupérer les 260000 F.",Transaction Mobile Money échouée,transfert bloqué,2026-05-05,en_retard,118,USSD,Yaoundé - Deido,REC-2026-17527
"Je me suis présenté chez l'agent Express Union Mobile de Mvog-Mbi à Bafoussam le 05/05/2026 pour retirer 58000 FCFA. Le code de retrait a été validé, mon compte débité, mais l'agent a refusé de me donner l'argent en disant qu'il n'a pas de liquidité.",Transaction Mobile Money échouée,retrait agent refusé,2026-05-05,en_retard,118,courriel,Kumba - Essos,REC-2026-83284
On m'a refusé un retrait de 402000 F le 06/05/2026 au motif que « le patron n'est pas là ». C'est inadmissible.,Litige agent Mobile Money,refus de service,2026-05-06,resolu,3,courriel,Kribi - Bonabéri,REC-2026-67321
Refus de service le 06/05/2026 à l'agence de Kumba : on m'a dit que je devais avoir un compte chez eux pour retirer mes 360000 F.,Litige agent Mobile Money,refus de service,2026-05-06,en_retard,117,application mobile,Dschang - Melen,REC-2026-84609
qui est cette personne qui a reçu mes 75000 le 06/05/2026 ? je nai jamais fait ce transfert,Erreur de destinataire,transfert vers tiers,2026-05-06,en_retard,117,application mobile,Kribi - New-Bell,REC-2026-51502
"Cela fait 117 jours que j'attends une réponse à mon courrier du 06/05/2026. Aucun accusé de réception, aucun interlocuteur.",Délai de traitement excessif,réponse non reçue sous 45 jours,2026-05-06,en_retard,117,USSD,Garoua - Melen,REC-2026-97265
"MON COMPTE A ETE PIRATE LE 07/05/2026, 55000 FRANCS VOLES. JE N AI JAMAIS DONNE MON CODE A PERSONNE.",Fraude / hameçonnage,code PIN compromis,2026-05-07,en_retard,116,réseaux sociaux,Garoua - Melen,REC-2026-25356
"Envoi de 2 000 000 FCFA vers un compte Express Union Mobile le 07/05/2026, coincé en « pending » depuis 116 jours. Votre centre d'appel me renvoie vers l'agence, l'agence me renvoie au centre d'appel.",Transaction Mobile Money échouée,transfert bloqué,2026-05-07,resolu,22,centre d'appel,Bertoua - Bonabéri,REC-2026-21691
Une somme de 149000 FCFA a quitté mon compte le 10/05/2026 au profit d'un tiers que je ne connais pas et que je n'ai jamais autorisé.,Erreur de destinataire,transfert vers tiers,2026-05-10,resolu,6,guichet,Dschang - Bonamoussadi,REC-2026-17734
"Frais de retrait excessifs constatés le 10/05/2026 au distributeur de Nlongkak : je conteste, le barème n'est pas respecté.",Frais non justifiés,frais de retrait abusifs,2026-05-10,en_retard,113,agence,Buea - Bonabéri,REC-2026-89056
lagent a refusé de me servir le 10/05/2026 sans donner de raison. jai fait 12 km pour rien,Litige agent Mobile Money,refus de service,2026-05-10,resolu,44,centre d'appel,Limbe - Mokolo,REC-2026-78484
Une somme de 869000 FCFA a quitté mon compte le 11/05/2026 au profit d'un tiers que je ne connais pas et que je n'ai jamais autorisé.,Erreur de destinataire,transfert vers tiers,2026-05-11,resolu,34,application mobile,Bamenda - New-Bell,REC-2026-77282
MON COMPTE A ETE DEBITE DE 464000 FRANCS LE 12/05/2026 ET LE BENEFICIAIRE N A RIEN RECU. JE VEUX MON ARGENT.,Transaction Mobile Money échouée,débit sans crédit,2026-05-12,en_retard,111,agence,Limbe - Makepe,REC-2026-63394
Les frais de retrait appliqués le 12/05/2026 sur mes 506000 F sont abusifs. Le tarif public annonce un autre montant.,Frais non justifiés,frais de retrait abusifs,2026-05-12,en_retard,111,guichet,Kumba - Essos,REC-2026-80029
Chaque retrait chez l'agent YUP me coûte plus cher que le tarif officiel. Dernier cas le 13/05/2026 pour 7 000 000 F.,Frais non justifiés,frais de retrait abusifs,2026-05-13,en_retard,110,réseaux sociaux,Bafoussam - Bonamoussadi,REC-2026-10301
Débits frauduleux du 13/05/2026 totalisant 300000 F. Mon code PIN a manifestement été compromis après un appel suspect.,Fraude / hameçonnage,code PIN compromis,2026-05-13,en_retard,110,USSD,Limbe - Bonamoussadi,REC-2026-80930
"Mon transfert de 280000 FCFA du 13/05/2026 est resté bloqué au statut « en cours » depuis. Ni annulé, ni abouti, et l'argent n'est plus disponible sur mon compte.",Transaction Mobile Money échouée,transfert bloqué,2026-05-13,resolu,5,agence,Garoua - Deido,REC-2026-48029
"Le 14/05/2026, des opérations frauduleuses pour 336000 FCFA ont été passées avec mon code secret. Je demande le blocage immédiat et le remboursement.",Fraude / hameçonnage,code PIN compromis,2026-05-14,en_retard,109,courrier recommandé,Kribi - Akwa,REC-2026-51448
"Compte gelé le 14/05/2026 pour cause de conformité. Je suis client depuis huit ans, aucune explication ne m'a été fournie.",Compte bloqué / KYC,blocage après contrôle,2026-05-14,en_retard,109,application mobile,Bafoussam - Bonamoussadi,REC-2026-60415
"Depuis le 14/05/2026, Campost Mobile prélève 300000 FCFA chaque mois au titre de « frais de service ». Je n'ai jamais souscrit à ce service.",Frais non justifiés,frais cachés,2026-05-14,resolu,6,réseaux sociaux,Edéa - New-Bell,REC-2026-66415
Un faux agent YUP m'a abordé au marché de Akwa le 15/05/2026 et m'a soutiré 876000 FCFA en prétendant régulariser mon compte.,Fraude / hameçonnage,faux agent,2026-05-15,resolu,13,agence,Bertoua - Bastos,REC-2026-83533
Chaque retrait chez l'agent MTN MoMo me coûte plus cher que le tarif officiel. Dernier cas le 16/05/2026 pour 230000 F.,Frais non justifiés,frais de retrait abusifs,2026-05-16,en_retard,107,application mobile,Yaoundé - Essos,REC-2026-80537
Fraude par échange de SIM constatée le 16/05/2026 : perte de 320000 FCFA. Un duplicata a été émis dans une agence de Kribi sans ma présence.,Fraude / hameçonnage,SIM swap,2026-05-16,en_retard,107,réseaux sociaux,Garoua - Essos,REC-2026-26530
"Le 16/05/2026, retrait de 44000 FCFA validé par le système, argent non remis par l'agent de Bafoussam. J'ai porté plainte au commissariat mais je veux d'abord une réponse de votre part.",Transaction Mobile Money échouée,retrait agent refusé,2026-05-16,resolu,7,guichet,Dschang - Bonabéri,REC-2026-29152
"je narrive pas a finaliser mon envoi de 3 000 000 f depuis le 17/05/2026, ca reste en traitement et mon solde est bloqué",Transaction Mobile Money échouée,transfert bloqué,2026-05-17,en_retard,106,application mobile,Bamenda - Biyem-Assi,REC-2026-31362
"J'ai déposé ma CNI trois fois depuis le 17/05/2026, à chaque fois le document est refusé sans motif précis.",Compte bloqué / KYC,pièce d'identité rejetée,2026-05-17,resolu,32,application mobile,Kribi - Mvog-Mbi,REC-2026-41906
Débit erroné du 18/05/2026 : 126000 FCFA au lieu du montant convenu avec le marchand. Personne en agence ne sait m'expliquer la différence.,Double débit / débit erroné,montant incorrect,2026-05-18,resolu,9,application mobile,Garoua - Melen,REC-2026-79473
Fraude par échange de SIM constatée le 19/05/2026 : perte de 8 000 000 FCFA. Un duplicata a été émis dans une agence de Ngaoundéré sans ma présence.,Fraude / hameçonnage,SIM swap,2026-05-19,en_retard,104,courrier recommandé,Maroua - Biyem-Assi,REC-2026-92578
"Le 19/05/2026, ma cotisation de 57000 FCFA a été prélevée en double. Je l'avais déjà signalé le mois dernier, le problème se répète.",Double débit / débit erroné,double prélèvement,2026-05-19,en_retard,104,réseaux sociaux,Kumba - Bonabéri,REC-2026-44078
Frais de tenue de compte de 49000 FCFA appliqués le 20/05/2026 alors que mon offre était présentée comme sans frais. Je demande le remboursement et la grille tarifaire.,Frais non justifiés,frais cachés,2026-05-20,en_retard,103,application mobile,Bafoussam - Bastos,REC-2026-37847
"Ma puce a été réémise frauduleusement le 22/05/2026, permettant de valider des transactions pour 376000 F sur mon compte.",Fraude / hameçonnage,SIM swap,2026-05-22,en_retard,101,agence,Bamenda - Nlongkak,REC-2026-63051
largent de 93000 envoyé le 23/05/2026 est allé chez quelquun que je connais pas. ce nest pas le numero que jai composé,Erreur de destinataire,mauvais numéro crédité,2026-05-23,resolu,19,USSD,Garoua - Essos,REC-2026-69675
"Sur mon relevé du 23/05/2026, une ligne de 22000 FCFA que je ne reconnais pas du tout. Ce n'est ni le bon montant, ni la bonne opération.",Double débit / débit erroné,montant incorrect,2026-05-23,resolu,38,courriel,Kumba - Makepe,REC-2026-26832
Le personnel de l'agence de Akwa a été particulièrement désagréable avec moi le 23/05/2026. Je tenais à le signaler.,Autre / non catégorisé,,2026-05-23,resolu,43,centre d'appel,Edéa - Biyem-Assi,REC-2026-51371
L'application a planté le 23/05/2026 en pleine transaction de 7 000 000 FCFA. Je ne sais pas si l'opération est passée ou non.,Panne / indisponibilité technique,appli plantée pendant transaction,2026-05-23,en_retard,100,centre d'appel,Dschang - Essos,REC-2026-55878
on a changé ma sim sans mon accord et pris 489000 le 25/05/2026. ma ligne était morte pendant deux heures,Fraude / hameçonnage,SIM swap,2026-05-25,en_retard,98,agence,Kumba - Melen,REC-2026-46770
"Retrait de 435000 F refusé le 26/05/2026 alors que la transaction est passée de mon côté. L'agent m'a dit de revenir demain, je suis revenu trois fois.",Transaction Mobile Money échouée,retrait agent refusé,2026-05-26,en_retard,97,application mobile,Dschang - Bonabéri,REC-2026-39595
MON COMPTE A ETE DEBITE DE 402000 FRANCS LE 26/05/2026 ET LE BENEFICIAIRE N A RIEN RECU. JE VEUX MON ARGENT.,Transaction Mobile Money échouée,débit sans crédit,2026-05-26,resolu,3,réseaux sociaux,Ebolowa - Biyem-Assi,REC-2026-98728
un homme avec un gilet de votre société ma pris 4 000 000 le 27/05/2026 en disant quil allait débloquer mon compte. il a disparu,Fraude / hameçonnage,faux agent,2026-05-27,resolu,27,courriel,Garoua - Melen,REC-2026-11390
erreur de montant sur lopération du 28/05/2026. jai tapé 350000 et vous avez prélevé plus. corrigez svp,Double débit / débit erroné,montant incorrect,2026-05-28,en_retard,95,USSD,Maroua - Essos,REC-2026-10249
"Le 30/05/2026 j'ai initié un paiement de 160000 FCFA, la transaction est marquée « réussie » dans l'historique mais le marchand de Makepe affirme n'avoir rien reçu. Je suis débité pour rien.",Transaction Mobile Money échouée,débit sans crédit,2026-05-30,en_retard,93,application mobile,Douala - Melen,REC-2026-51637
Un faux agent Express Union Mobile m'a abordé au marché de Mvog-Mbi le 30/05/2026 et m'a soutiré 456000 FCFA en prétendant régulariser mon compte.,Fraude / hameçonnage,faux agent,2026-05-30,resolu,32,courriel,Limbe - New-Bell,REC-2026-75166
"votre systeme est en panne depuis le 31/05/2026, je narrive pas a acceder a mon compte. ca fait 92 jours",Panne / indisponibilité technique,service indisponible,2026-05-31,resolu,7,USSD,Bafoussam - Mvog-Mbi,REC-2026-13043
"Pour un retrait de 1 000 000 FCFA au guichet de Bafoussam le 31/05/2026, on m'a ponctionné des frais nettement supérieurs au tarif affiché.",Frais non justifiés,frais de retrait abusifs,2026-05-31,en_retard,92,réseaux sociaux,Limbe - Melen,REC-2026-45312
Réclamation initiale déposée le 01/06/2026 : toujours sans réponse. Vos services se renvoient la balle depuis 91 jours.,Délai de traitement excessif,réponse non reçue sous 45 jours,2026-06-01,en_retard,91,centre d'appel,Edéa - Mvog-Mbi,REC-2026-80681
mon compte est bloqué depuis le 01/06/2026 et jai 161000 dedans. jai besoin de cet argent pour la scolarité de mes enfants,Compte bloqué / KYC,blocage après contrôle,2026-06-01,resolu,41,application mobile,Dschang - Tsinga,REC-2026-73549
Erreur de destinataire le 02/06/2026 : 95000 FCFA crédités à un tiers. Je demande le rappel de fonds en urgence.,Erreur de destinataire,mauvais numéro crédité,2026-06-02,resolu,38,USSD,Edéa - Bastos,REC-2026-79770
Une somme de 260000 FCFA a quitté mon compte le 03/06/2026 au profit d'un tiers que je ne connais pas et que je n'ai jamais autorisé.,Erreur de destinataire,transfert vers tiers,2026-06-03,resolu,25,guichet,Bafoussam - Tsinga,REC-2026-64957
"Cela fait 89 jours que j'attends une réponse à mon courrier du 03/06/2026. Aucun accusé de réception, aucun interlocuteur.",Délai de traitement excessif,réponse non reçue sous 45 jours,2026-06-03,en_retard,89,courriel,Buea - Bonabéri,REC-2026-99994
Ma plainte du 04/06/2026 portant sur 330000 F est restée sans réponse depuis 88 jours. La réglementation impose 45 jours maximum.,Délai de traitement excessif,réponse non reçue sous 45 jours,2026-06-04,en_retard,88,agence,Dschang - Makepe,REC-2026-69229
lagent a refusé de me servir le 04/06/2026 sans donner de raison. jai fait 12 km pour rien,Litige agent Mobile Money,refus de service,2026-06-04,en_retard,88,USSD,Ngaoundéré - Makepe,REC-2026-17970
"Le 05/06/2026, ma ligne a cessé de fonctionner et dans la foulée 5 000 000 F ont disparu de mon compte Orange Money. On a clairement refait ma SIM à mon insu.",Fraude / hameçonnage,SIM swap,2026-06-05,en_retard,87,application mobile,Dschang - Melen,REC-2026-12543
Ma plainte du 05/06/2026 portant sur 180000 F est restée sans réponse depuis 87 jours. La réglementation impose 45 jours maximum.,Délai de traitement excessif,réponse non reçue sous 45 jours,2026-06-05,en_cours,87,application mobile,Yaoundé - Mokolo,REC-2026-58281
"Code de retrait consommé le 05/06/2026 pour 25000 F, aucune remise d'espèces. L'agent prétend que le réseau a coupé, pourtant mon solde a bien baissé.",Transaction Mobile Money échouée,retrait agent refusé,2026-06-05,en_retard,87,courriel,Kumba - Mvog-Mbi,REC-2026-44430
"je narrive pas a finaliser mon envoi de 440000 f depuis le 05/06/2026, ca reste en traitement et mon solde est bloqué",Transaction Mobile Money échouée,transfert bloqué,2026-06-05,resolu,31,courrier recommandé,Yaoundé - Mvog-Mbi,REC-2026-91522
"Le 06/06/2026 j'ai envoyé 31000 F à mon fournisseur de Buea, la somme est arrivée chez un inconnu. Référence B635667398.",Erreur de destinataire,mauvais numéro crédité,2026-06-06,resolu,43,USSD,Bertoua - Mokolo,REC-2026-26421
"Un seul virement de 51000 FCFA effectué le 07/06/2026, mais DEUX débits identiques apparaissent sur mon relevé. Je demande le remboursement du second.",Double débit / débit erroné,double prélèvement,2026-06-07,resolu,14,guichet,Maroua - Bastos,REC-2026-75568
"Le montant débité le 08/06/2026 ne correspond pas à ma transaction : j'avais saisi 56000 F, mon relevé en indique davantage.",Double débit / débit erroné,montant incorrect,2026-06-08,en_retard,84,agence,Bafoussam - Deido,REC-2026-15724
"Frais de retrait excessifs constatés le 08/06/2026 au distributeur de Tsinga : je conteste, le barème n'est pas respecté.",Frais non justifiés,frais de retrait abusifs,2026-06-08,resolu,2,courrier recommandé,Maroua - Nlongkak,REC-2026-62869
Chaque retrait chez l'agent MTN MoMo me coûte plus cher que le tarif officiel. Dernier cas le 10/06/2026 pour 168000 F.,Frais non justifiés,frais de retrait abusifs,2026-06-10,resolu,20,application mobile,Kumba - New-Bell,REC-2026-42189
"Un seul virement de 120000 FCFA effectué le 10/06/2026, mais DEUX débits identiques apparaissent sur mon relevé. Je demande le remboursement du second.",Double débit / débit erroné,double prélèvement,2026-06-10,resolu,33,USSD,Edéa - Melen,REC-2026-29147
Erreur de destinataire le 11/06/2026 : 85000 FCFA crédités à un tiers. Je demande le rappel de fonds en urgence.,Erreur de destinataire,mauvais numéro crédité,2026-06-11,resolu,9,agence,Garoua - Essos,REC-2026-13874
qui est cette personne qui a reçu mes 13000 le 12/06/2026 ? je nai jamais fait ce transfert,Erreur de destinataire,transfert vers tiers,2026-06-12,en_retard,80,guichet,Bamenda - Mvog-Mbi,REC-2026-16716
"Depuis le 13/06/2026, Campost Mobile prélève 380000 FCFA chaque mois au titre de « frais de service ». Je n'ai jamais souscrit à ce service.",Frais non justifiés,frais cachés,2026-06-13,en_retard,79,courriel,Bamenda - Melen,REC-2026-93764
Mon transfert de 260000 F du 13/06/2026 est parti sur un mauvais numéro. J'avais pourtant choisi le contact enregistré dans mon répertoire.,Erreur de destinataire,mauvais numéro crédité,2026-06-13,resolu,22,USSD,Bafoussam - Nlongkak,REC-2026-97886
"Dossier déposé le 13/06/2026 à l'agence de Bafoussam, 79 jours sans la moindre réponse écrite. Je saisirai la COBAC si nécessaire.",Délai de traitement excessif,réponse non reçue sous 45 jours,2026-06-13,en_retard,79,USSD,Kribi - Essos,REC-2026-44516
lagent a refusé de me servir le 14/06/2026 sans donner de raison. jai fait 12 km pour rien,Litige agent Mobile Money,refus de service,2026-06-14,en_retard,78,centre d'appel,Dschang - Biyem-Assi,REC-2026-82371
"Depuis le 15/06/2026, 8 000 000 F ont quitté mon compte YUP sans que le paiement de ma facture ENEO soit enregistré. Je risque une coupure à cause de vous.",Transaction Mobile Money échouée,débit sans crédit,2026-06-15,en_retard,77,guichet,Limbe - Akwa,REC-2026-83191
jai payé une seule fois 285000 le 15/06/2026 et je vois deux lignes pareilles sur mon compte. cest quoi ca ?,Double débit / débit erroné,double prélèvement,2026-06-15,en_retard,77,USSD,Buea - Bastos,REC-2026-91152
mon compte est bloqué depuis le 18/06/2026 et jai 884000 dedans. jai besoin de cet argent pour la scolarité de mes enfants,Compte bloqué / KYC,blocage après contrôle,2026-06-18,en_retard,74,courrier recommandé,Ngaoundéré - Deido,REC-2026-91642
Ma pièce d'identité a été rejetée le 18/06/2026 alors que ma CNI est parfaitement valide jusqu'en 2029. Mon compte reste inaccessible.,Compte bloqué / KYC,pièce d'identité rejetée,2026-06-18,resolu,40,application mobile,Edéa - Biyem-Assi,REC-2026-75426
"Le 19/06/2026, ma cotisation de 868000 FCFA a été prélevée en double. Je l'avais déjà signalé le mois dernier, le problème se répète.",Double débit / débit erroné,double prélèvement,2026-06-19,en_retard,73,agence,Buea - Essos,REC-2026-22576
Quelqu'un a réussi à faire des transactions sur mon compte sans mon accord pour un total de 395000 FCFA le 19/06/2026. Je n'ai communiqué mon code à personne.,Fraude / hameçonnage,code PIN compromis,2026-06-19,en_retard,73,réseaux sociaux,Limbe - Nlongkak,REC-2026-59920
"Dossier déposé le 20/06/2026 à l'agence de Maroua, 72 jours sans la moindre réponse écrite. Je saisirai la COBAC si nécessaire.",Délai de traitement excessif,réponse non reçue sous 45 jours,2026-06-20,en_retard,72,guichet,Limbe - Bonamoussadi,REC-2026-62740
Vous m'avez facturé des frais disproportionnés pour un simple retrait de 95000 FCFA effectué le 21/06/2026. Merci de justifier ce calcul.,Frais non justifiés,frais de retrait abusifs,2026-06-21,resolu,17,courriel,Garoua - Essos,REC-2026-58328
lagent a pris mon argent 787000 le 21/06/2026 et na pas fait lopération. maintenant il ne repond plus,Litige agent Mobile Money,agent insolvable,2026-06-21,resolu,40,centre d'appel,Limbe - Deido,REC-2026-10410
"J'ai autorisé un paiement de 54000 FCFA le 21/06/2026, mais c'est un montant bien supérieur qui a été débité. L'écart est inexpliqué.",Double débit / débit erroné,montant incorrect,2026-06-21,resolu,39,guichet,Bafoussam - Nlongkak,REC-2026-91549
"Depuis le 24/06/2026, YUP prélève 280000 FCFA chaque mois au titre de « frais de service ». Je n'ai jamais souscrit à ce service.",Frais non justifiés,frais cachés,2026-06-24,en_retard,68,agence,Buea - Tsinga,REC-2026-12307
"Commission illégale de 3 000 000 F prélevée en espèces par l'agent le 24/06/2026, sans reçu.",Litige agent Mobile Money,sur-facturation,2026-06-24,en_retard,68,courriel,Kumba - Melen,REC-2026-40257
"Je me suis présenté chez l'agent Campost Mobile de Bastos à Ngaoundéré le 25/06/2026 pour retirer 2 000 000 FCFA. Le code de retrait a été validé, mon compte débité, mais l'agent a refusé de me donner l'argent en disant qu'il n'a pas de liquidité.",Transaction Mobile Money échouée,retrait agent refusé,2026-06-25,en_retard,67,USSD,Yaoundé - Nlongkak,REC-2026-65478
Les frais de retrait appliqués le 25/06/2026 sur mes 868000 F sont abusifs. Le tarif public annonce un autre montant.,Frais non justifiés,frais de retrait abusifs,2026-06-25,en_retard,67,centre d'appel,Douala - Bonabéri,REC-2026-46434
"Mon transfert de 5 000 000 FCFA du 25/06/2026 est resté bloqué au statut « en cours » depuis. Ni annulé, ni abouti, et l'argent n'est plus disponible sur mon compte.",Transaction Mobile Money échouée,transfert bloqué,2026-06-25,resolu,19,courrier recommandé,Garoua - Nlongkak,REC-2026-23282
"Le montant débité le 26/06/2026 ne correspond pas à ma transaction : j'avais saisi 355000 F, mon relevé en indique davantage.",Double débit / débit erroné,montant incorrect,2026-06-26,en_retard,66,guichet,Ebolowa - New-Bell,REC-2026-84454
"Le service est indisponible depuis le 27/06/2026, impossible de faire la moindre opération. J'ai besoin d'accéder à mes 4 000 000 FCFA.",Panne / indisponibilité technique,service indisponible,2026-06-27,en_retard,65,réseaux sociaux,Kribi - Essos,REC-2026-94297
"Ma puce a été réémise frauduleusement le 28/06/2026, permettant de valider des transactions pour 465000 F sur mon compte.",Fraude / hameçonnage,SIM swap,2026-06-28,en_retard,64,réseaux sociaux,Kumba - Tsinga,REC-2026-33805
"L'agent de Deido m'a réclamé une commission supplémentaire de 8 000 000 FCFA le 29/06/2026, en plus des frais normaux.",Litige agent Mobile Money,sur-facturation,2026-06-29,resolu,21,guichet,Bertoua - Bonamoussadi,REC-2026-23361
"Ma facture s'élevait à 255000 F, le prélèvement du 30/06/2026 est supérieur. Je conteste formellement cet écart.",Double débit / débit erroné,montant incorrect,2026-06-30,en_retard,62,application mobile,Bertoua - Melen,REC-2026-21026
L'application a planté le 01/07/2026 en pleine transaction de 8 000 000 FCFA. Je ne sais pas si l'opération est passée ou non.,Panne / indisponibilité technique,appli plantée pendant transaction,2026-07-01,resolu,14,réseaux sociaux,Douala - Bonabéri,REC-2026-96842
Quelqu'un a réussi à faire des transactions sur mon compte sans mon accord pour un total de 529000 FCFA le 02/07/2026. Je n'ai communiqué mon code à personne.,Fraude / hameçonnage,code PIN compromis,2026-07-02,resolu,32,application mobile,Maroua - Mvog-Mbi,REC-2026-11021
Escroquerie par faux agent le 03/07/2026 à Yaoundé : 531000 FCFA perdus. Il avait un badge et connaissait mon nom.,Fraude / hameçonnage,faux agent,2026-07-03,en_retard,59,application mobile,Garoua - Nlongkak,REC-2026-68292
Ma plainte du 03/07/2026 portant sur 265000 F est restée sans réponse depuis 59 jours. La réglementation impose 45 jours maximum.,Délai de traitement excessif,réponse non reçue sous 45 jours,2026-07-03,en_retard,59,application mobile,Ngaoundéré - Mvog-Mbi,REC-2026-42892
Double prélèvement constaté le 05/07/2026 : 544000 FCFA débités à 14h07 puis à 14h09 pour la même opération. Référence A319049475.,Double débit / débit erroné,double prélèvement,2026-07-05,resolu,5,courriel,Maroua - Akwa,REC-2026-98356
"Le 06/07/2026, ma ligne a cessé de fonctionner et dans la foulée 15000 F ont disparu de mon compte MTN MoMo. On a clairement refait ma SIM à mon insu.",Fraude / hameçonnage,SIM swap,2026-07-06,resolu,38,courrier recommandé,Kumba - Biyem-Assi,REC-2026-85044
retrait de 170000 le 06/07/2026 et les frais sont trop élevés par rapport a ce qui est marqué sur laffiche de lagence,Frais non justifiés,frais de retrait abusifs,2026-07-06,en_retard,56,agence,Douala - Mokolo,REC-2026-20682
On m'a refusé un retrait de 5 000 000 F le 07/07/2026 au motif que « le patron n'est pas là ». C'est inadmissible.,Litige agent Mobile Money,refus de service,2026-07-07,en_retard,55,USSD,Kumba - Bonamoussadi,REC-2026-70487
"Commission inconnue de 1 000 000 F débitée le 08/07/2026. Aucune notification préalable, aucun affichage en agence de Bamenda.",Frais non justifiés,frais cachés,2026-07-08,resolu,7,agence,Limbe - Bonabéri,REC-2026-52620
"L'appli s'est bloquée le 08/07/2026 après la saisie du code, pour un montant de 3 000 000 F. Depuis, statut incohérent.",Panne / indisponibilité technique,appli plantée pendant transaction,2026-07-08,en_retard,54,réseaux sociaux,Yaoundé - Biyem-Assi,REC-2026-96866
lagent a refusé de me servir le 08/07/2026 sans donner de raison. jai fait 12 km pour rien,Litige agent Mobile Money,refus de service,2026-07-08,en_retard,54,guichet,Douala - Akwa,REC-2026-93985
Vous m'avez facturé des frais disproportionnés pour un simple retrait de 375000 FCFA effectué le 09/07/2026. Merci de justifier ce calcul.,Frais non justifiés,frais de retrait abusifs,2026-07-09,resolu,38,USSD,Dschang - Bonabéri,REC-2026-44769
"Le 10/07/2026, une erreur du système a envoyé mes 125000 FCFA vers un numéro que je n'ai jamais saisi. Le bénéficiaire affiché n'est pas celui que j'avais sélectionné.",Erreur de destinataire,mauvais numéro crédité,2026-07-10,resolu,6,application mobile,Yaoundé - Nlongkak,REC-2026-93187
"Retrait de 8 000 000 F refusé le 11/07/2026 alors que la transaction est passée de mon côté. L'agent m'a dit de revenir demain, je suis revenu trois fois.",Transaction Mobile Money échouée,retrait agent refusé,2026-07-11,resolu,30,agence,Dschang - Essos,REC-2026-82550
"Frais de retrait excessifs constatés le 11/07/2026 au distributeur de Deido : je conteste, le barème n'est pas respecté.",Frais non justifiés,frais de retrait abusifs,2026-07-11,en_retard,51,courriel,Garoua - Tsinga,REC-2026-20707
"Le 13/07/2026, ma cotisation de 6000 FCFA a été prélevée en double. Je l'avais déjà signalé le mois dernier, le problème se répète.",Double débit / débit erroné,double prélèvement,2026-07-13,en_retard,49,USSD,Bertoua - Mokolo,REC-2026-59083
Ma pièce d'identité a été rejetée le 14/07/2026 alors que ma CNI est parfaitement valide jusqu'en 2029. Mon compte reste inaccessible.,Compte bloqué / KYC,pièce d'identité rejetée,2026-07-14,resolu,40,centre d'appel,Limbe - Essos,REC-2026-25843
"Le 14/07/2026 j'ai initié un paiement de 19000 FCFA, la transaction est marquée « réussie » dans l'historique mais le marchand de Deido affirme n'avoir rien reçu. Je suis débité pour rien.",Transaction Mobile Money échouée,débit sans crédit,2026-07-14,resolu,17,courrier recommandé,Buea - Melen,REC-2026-93662
"Le 14/07/2026, l'appli s'est fermée pendant mon transfert de 90000 F. Mon solde a baissé mais aucune trace dans l'historique.",Panne / indisponibilité technique,appli plantée pendant transaction,2026-07-14,resolu,5,guichet,Kribi - Akwa,REC-2026-27974
lagent a refusé de me servir le 15/07/2026 sans donner de raison. jai fait 12 km pour rien,Litige agent Mobile Money,refus de service,2026-07-15,en_retard,47,application mobile,Kumba - Mokolo,REC-2026-66978
Refus de service le 15/07/2026 à l'agence de Douala : on m'a dit que je devais avoir un compte chez eux pour retirer mes 285000 F.,Litige agent Mobile Money,refus de service,2026-07-15,en_retard,47,application mobile,Kumba - Bonabéri,REC-2026-49111
"votre systeme est en panne depuis le 17/07/2026, je narrive pas a acceder a mon compte. ca fait 45 jours",Panne / indisponibilité technique,service indisponible,2026-07-17,en_cours,45,centre d'appel,Edéa - Nlongkak,REC-2026-49309
"Mon compte a été piraté le 17/07/2026, 6 000 000 F retirés. J'ai reçu un appel se disant du service client qui m'a demandé mon code, j'ai compris trop tard.",Fraude / hameçonnage,code PIN compromis,2026-07-17,resolu,10,réseaux sociaux,Douala - Melen,REC-2026-39458
on a changé ma sim sans mon accord et pris 567000 le 17/07/2026. ma ligne était morte pendant deux heures,Fraude / hameçonnage,SIM swap,2026-07-17,en_cours,45,guichet,Limbe - Deido,REC-2026-65519
lagent ma fait payer 90000 en plus le 17/07/2026 en disant que cest la commission. cest pas normal,Litige agent Mobile Money,sur-facturation,2026-07-17,resolu,24,courriel,Dschang - Essos,REC-2026-60213
"Dépôt de 797000 FCFA remis à l'agent de Limbe le 17/07/2026, jamais porté sur mon compte. L'agent affirme ne plus avoir de fonds.",Litige agent Mobile Money,agent insolvable,2026-07-17,resolu,25,courrier recommandé,Limbe - Tsinga,REC-2026-16858
"Rejet de mes justificatifs d'identité le 17/07/2026. On m'a demandé un récépissé, je l'ai fourni, il a également été rejeté.",Compte bloqué / KYC,pièce d'identité rejetée,2026-07-17,en_cours,45,guichet,Limbe - Mvog-Mbi,REC-2026-88079
ma cni a été refusée le 17/07/2026 pour une raison que je ne comprends pas. elle est valide pourtant,Compte bloqué / KYC,pièce d'identité rejetée,2026-07-17,en_cours,45,courrier recommandé,Yaoundé - Biyem-Assi,REC-2026-62355
Virement de 460000 FCFA du 17/07/2026 crédité sur le mauvais compte. L'application a substitué un ancien bénéficiaire au moment de la validation.,Erreur de destinataire,mauvais numéro crédité,2026-07-17,resolu,30,réseaux sociaux,Bafoussam - Akwa,REC-2026-31909
un homme avec un gilet de votre société ma pris 590000 le 17/07/2026 en disant quil allait débloquer mon compte. il a disparu,Fraude / hameçonnage,faux agent,2026-07-17,resolu,10,réseaux sociaux,Garoua - Tsinga,REC-2026-14898
Votre distributeur de New-Bell est hors service depuis plusieurs semaines. Quand sera-t-il réparé ?,Autre / non catégorisé,,2026-07-18,resolu,44,réseaux sociaux,Bamenda - Melen,REC-2026-40408
J'ai été victime d'un individu se faisant passer pour un employé de UBA Cameroun le 18/07/2026. Préjudice : 7 000 000 F.,Fraude / hameçonnage,faux agent,2026-07-18,resolu,30,USSD,Bertoua - Akwa,REC-2026-21957
cest quoi ces frais de 97000 le 18/07/2026 ? on ne ma jamais informé de ca a la signature,Frais non justifiés,frais cachés,2026-07-18,resolu,42,centre d'appel,Ngaoundéré - Nlongkak,REC-2026-33651
Refus de service le 18/07/2026 à l'agence de Buea : on m'a dit que je devais avoir un compte chez eux pour retirer mes 70000 F.,Litige agent Mobile Money,refus de service,2026-07-18,en_cours,44,application mobile,Dschang - Bonabéri,REC-2026-62816
"L'appli s'est bloquée le 18/07/2026 après la saisie du code, pour un montant de 410000 F. Depuis, statut incohérent.",Panne / indisponibilité technique,appli plantée pendant transaction,2026-07-18,en_cours,44,réseaux sociaux,Ebolowa - Melen,REC-2026-86515
Chaque retrait chez l'agent Express Union Mobile me coûte plus cher que le tarif officiel. Dernier cas le 19/07/2026 pour 77000 F.,Frais non justifiés,frais de retrait abusifs,2026-07-19,resolu,37,réseaux sociaux,Bamenda - Melen,REC-2026-77477
"Je me suis présenté chez l'agent YUP de New-Bell à Edéa le 19/07/2026 pour retirer 6 000 000 FCFA. Le code de retrait a été validé, mon compte débité, mais l'agent a refusé de me donner l'argent en disant qu'il n'a pas de liquidité.",Transaction Mobile Money échouée,retrait agent refusé,2026-07-19,resolu,16,réseaux sociaux,Yaoundé - Essos,REC-2026-74901
lagent a pris mon argent 8 000 000 le 19/07/2026 et na pas fait lopération. maintenant il ne repond plus,Litige agent Mobile Money,agent insolvable,2026-07-19,resolu,36,courriel,Ngaoundéré - Essos,REC-2026-19118
"Impossible de me connecter depuis le 20/07/2026. Le serveur renvoie une erreur à chaque essai, y compris en agence.",Panne / indisponibilité technique,service indisponible,2026-07-20,resolu,4,USSD,Bamenda - Tsinga,REC-2026-66027
"Le 20/07/2026, l'appli s'est fermée pendant mon transfert de 67000 F. Mon solde a baissé mais aucune trace dans l'historique.",Panne / indisponibilité technique,appli plantée pendant transaction,2026-07-20,resolu,38,courriel,Bertoua - Mvog-Mbi,REC-2026-12006
Indisponibilité totale du service YUP constatée le 20/07/2026 à Edéa. Aucune communication de votre part sur la durée de la panne.,Panne / indisponibilité technique,service indisponible,2026-07-20,en_cours,42,courrier recommandé,Bertoua - Deido,REC-2026-49720
Escroquerie par faux agent le 21/07/2026 à Buea : 254000 FCFA perdus. Il avait un badge et connaissait mon nom.,Fraude / hameçonnage,faux agent,2026-07-21,resolu,13,centre d'appel,Kribi - Bastos,REC-2026-78142
Quelqu'un a réussi à faire des transactions sur mon compte sans mon accord pour un total de 22000 FCFA le 21/07/2026. Je n'ai communiqué mon code à personne.,Fraude / hameçonnage,code PIN compromis,2026-07-21,resolu,37,réseaux sociaux,Ngaoundéré - Akwa,REC-2026-78714
L'application a planté le 21/07/2026 en pleine transaction de 235000 FCFA. Je ne sais pas si l'opération est passée ou non.,Panne / indisponibilité technique,appli plantée pendant transaction,2026-07-21,resolu,40,réseaux sociaux,Ngaoundéré - Melen,REC-2026-70390
"Je suis allé chez l'agent pour un dépôt de 89000 FCFA le 21/07/2026, il a pris l'argent mais mon compte n'a jamais été crédité. Il ne répond plus au téléphone.",Litige agent Mobile Money,agent insolvable,2026-07-21,en_cours,41,application mobile,Ebolowa - Nlongkak,REC-2026-71459
"Le 21/07/2026 j'ai envoyé 252000 F à mon fournisseur de Kumba, la somme est arrivée chez un inconnu. Référence E216669138.",Erreur de destinataire,mauvais numéro crédité,2026-07-21,resolu,26,agence,Maroua - Makepe,REC-2026-78716
Mon transfert de 355000 F du 21/07/2026 est parti sur un mauvais numéro. J'avais pourtant choisi le contact enregistré dans mon répertoire.,Erreur de destinataire,mauvais numéro crédité,2026-07-21,en_cours,41,agence,Bafoussam - Bastos,REC-2026-78014
"Opération du 21/07/2026 : 395000 F débités, aucun crédit côté destinataire. Référence G465259325. J'ai appelé le service client trois fois, on me dit d'attendre.",Transaction Mobile Money échouée,débit sans crédit,2026-07-21,en_cours,41,agence,Ebolowa - New-Bell,REC-2026-12869
lagent a refusé de me servir le 21/07/2026 sans donner de raison. jai fait 12 km pour rien,Litige agent Mobile Money,refus de service,2026-07-21,en_cours,41,agence,Kumba - Akwa,REC-2026-24271
"Le 21/07/2026, une erreur du système a envoyé mes 80000 FCFA vers un numéro que je n'ai jamais saisi. Le bénéficiaire affiché n'est pas celui que j'avais sélectionné.",Erreur de destinataire,mauvais numéro crédité,2026-07-21,en_cours,41,courrier recommandé,Dschang - Deido,REC-2026-63323
Débit erroné du 22/07/2026 : 6 000 000 FCFA au lieu du montant convenu avec le marchand. Personne en agence ne sait m'expliquer la différence.,Double débit / débit erroné,montant incorrect,2026-07-22,en_cours,40,centre d'appel,Maroua - Melen,REC-2026-57175
Je découvre sur mon relevé du 22/07/2026 des frais de 278000 F intitulés « frais de gestion ». La tarification affichée à l'agence de Essos ne mentionne rien de tel.,Frais non justifiés,frais cachés,2026-07-22,resolu,32,USSD,Limbe - Mokolo,REC-2026-86442
ma cni a été refusée le 22/07/2026 pour une raison que je ne comprends pas. elle est valide pourtant,Compte bloqué / KYC,pièce d'identité rejetée,2026-07-22,en_cours,40,courrier recommandé,Buea - Bonamoussadi,REC-2026-30169
Quelqu'un a réussi à faire des transactions sur mon compte sans mon accord pour un total de 4 000 000 FCFA le 22/07/2026. Je n'ai communiqué mon code à personne.,Fraude / hameçonnage,code PIN compromis,2026-07-22,en_cours,40,courriel,Bertoua - Essos,REC-2026-39662
L'agent YUP de Deido a encaissé mes 6 000 000 F le 23/07/2026 sans créditer mon compte. Sa boutique est fermée depuis.,Litige agent Mobile Money,agent insolvable,2026-07-23,en_cours,39,agence,Bertoua - Bastos,REC-2026-13615
Je constate un prélèvement mensuel de 7 000 000 F depuis le 23/07/2026 dont personne ne m'a jamais parlé à l'ouverture du compte.,Frais non justifiés,frais cachés,2026-07-23,resolu,2,réseaux sociaux,Bafoussam - Bastos,REC-2026-68295
"Je souhaite obtenir un relevé de compte détaillé pour la période de janvier à juin, à envoyer à mon adresse à Kumba.",Autre / non catégorisé,,2026-07-23,resolu,33,agence,Douala - Akwa,REC-2026-57024
"Bonjour, je voudrais savoir comment changer l'adresse enregistrée sur mon compte. Merci.",Autre / non catégorisé,,2026-07-23,en_cours,39,centre d'appel,Yaoundé - Mokolo,REC-2026-33077
"On m'a prélevé 38000 F deux fois pour le même paiement de facture le 23/07/2026 à Kumba. C'est une erreur de votre système, merci de corriger.",Double débit / débit erroné,double prélèvement,2026-07-23,resolu,20,centre d'appel,Bertoua - Bonamoussadi,REC-2026-85461
"Le 23/07/2026, l'appli s'est fermée pendant mon transfert de 689000 F. Mon solde a baissé mais aucune trace dans l'historique.",Panne / indisponibilité technique,appli plantée pendant transaction,2026-07-23,en_cours,39,USSD,Douala - Makepe,REC-2026-98933
"Le 23/07/2026, ma cotisation de 508000 FCFA a été prélevée en double. Je l'avais déjà signalé le mois dernier, le problème se répète.",Double débit / débit erroné,double prélèvement,2026-07-23,en_cours,39,agence,Yaoundé - Biyem-Assi,REC-2026-60145
Demande d'information sur les conditions d'ouverture d'un compte épargne pour mineur.,Autre / non catégorisé,,2026-07-23,en_cours,39,réseaux sociaux,Bamenda - Akwa,REC-2026-28209
"Je suis allé chez l'agent pour un dépôt de 110000 FCFA le 23/07/2026, il a pris l'argent mais mon compte n'a jamais été crédité. Il ne répond plus au téléphone.",Litige agent Mobile Money,agent insolvable,2026-07-23,resolu,3,courriel,Douala - Mvog-Mbi,REC-2026-36586
"L'agent de Tsinga m'a réclamé une commission supplémentaire de 95000 FCFA le 23/07/2026, en plus des frais normaux.",Litige agent Mobile Money,sur-facturation,2026-07-23,en_cours,39,courriel,Ebolowa - Tsinga,REC-2026-56577
Mouvement suspect du 23/07/2026 : 6 000 000 F envoyés à un tiers non enregistré dans mes contacts. Aucune opération de ma part ce jour-là.,Erreur de destinataire,transfert vers tiers,2026-07-23,en_cours,39,agence,Yaoundé - Melen,REC-2026-32485
lapplication a bugé le 24/07/2026 pendant que jenvoyais 878000. maintenant je sais pas ou est mon argent,Panne / indisponibilité technique,appli plantée pendant transaction,2026-07-24,resolu,21,courriel,Bafoussam - Biyem-Assi,REC-2026-49151
"Le 24/07/2026, ma ligne a cessé de fonctionner et dans la foulée 349000 F ont disparu de mon compte Orange Money. On a clairement refait ma SIM à mon insu.",Fraude / hameçonnage,SIM swap,2026-07-24,en_cours,38,courrier recommandé,Dschang - Bonabéri,REC-2026-63497
"Le 24/07/2026, l'agent a reçu 310000 F en espèces de ma part et n'a jamais validé la transaction. Je demande votre intervention.",Litige agent Mobile Money,agent insolvable,2026-07-24,resolu,34,centre d'appel,Ngaoundéré - Melen,REC-2026-39860
"Frais de retrait excessifs constatés le 24/07/2026 au distributeur de Essos : je conteste, le barème n'est pas respecté.",Frais non justifiés,frais de retrait abusifs,2026-07-24,en_cours,38,réseaux sociaux,Kumba - Tsinga,REC-2026-34905
"Pour un retrait de 3 000 000 FCFA au guichet de Maroua le 24/07/2026, on m'a ponctionné des frais nettement supérieurs au tarif affiché.",Frais non justifiés,frais de retrait abusifs,2026-07-24,resolu,18,application mobile,Ebolowa - Bonabéri,REC-2026-73589
DEUX DEBITS DE 7 000 000 POUR UNE SEULE TRANSACTION LE 24/07/2026. JE VEUX LE REMBOURSEMENT IMMEDIAT.,Double débit / débit erroné,double prélèvement,2026-07-24,en_cours,38,centre d'appel,Dschang - Bastos,REC-2026-24041
"Commission inconnue de 629000 F débitée le 24/07/2026. Aucune notification préalable, aucun affichage en agence de Dschang.",Frais non justifiés,frais cachés,2026-07-24,resolu,15,courrier recommandé,Ebolowa - Melen,REC-2026-80092
"J'ai autorisé un paiement de 50000 FCFA le 25/07/2026, mais c'est un montant bien supérieur qui a été débité. L'écart est inexpliqué.",Double débit / débit erroné,montant incorrect,2026-07-25,resolu,25,application mobile,Maroua - Nlongkak,REC-2026-18736
"Je me suis présenté chez l'agent Express Union Mobile de New-Bell à Buea le 25/07/2026 pour retirer 135000 FCFA. Le code de retrait a été validé, mon compte débité, mais l'agent a refusé de me donner l'argent en disant qu'il n'a pas de liquidité.",Transaction Mobile Money échouée,retrait agent refusé,2026-07-25,en_cours,37,réseaux sociaux,Kumba - Bastos,REC-2026-15860
largent de 7 000 000 envoyé le 25/07/2026 est allé chez quelquun que je connais pas. ce nest pas le numero que jai composé,Erreur de destinataire,mauvais numéro crédité,2026-07-25,en_cours,37,centre d'appel,Ngaoundéré - Mvog-Mbi,REC-2026-78781
Indisponibilité totale du service MTN MoMo constatée le 25/07/2026 à Garoua. Aucune communication de votre part sur la durée de la panne.,Panne / indisponibilité technique,service indisponible,2026-07-25,en_cours,37,centre d'appel,Limbe - Akwa,REC-2026-48788
"Transaction D583106533 initiée le 25/07/2026 : toujours en attente. Impossible de l'annuler dans l'application, impossible de récupérer les 82000 F.",Transaction Mobile Money échouée,transfert bloqué,2026-07-25,en_cours,37,centre d'appel,Kribi - Mokolo,REC-2026-16336
"Le montant débité le 25/07/2026 ne correspond pas à ma transaction : j'avais saisi 5 000 000 F, mon relevé en indique davantage.",Double débit / débit erroné,montant incorrect,2026-07-25,resolu,9,application mobile,Kumba - Mokolo,REC-2026-46147
Refus de service le 25/07/2026 à l'agence de Kumba : on m'a dit que je devais avoir un compte chez eux pour retirer mes 4 000 000 F.,Litige agent Mobile Money,refus de service,2026-07-25,resolu,12,réseaux sociaux,Maroua - Essos,REC-2026-70682
L'application a planté le 25/07/2026 en pleine transaction de 315000 FCFA. Je ne sais pas si l'opération est passée ou non.,Panne / indisponibilité technique,appli plantée pendant transaction,2026-07-25,resolu,17,USSD,Kumba - Bastos,REC-2026-42250
"Commission illégale de 437000 F prélevée en espèces par l'agent le 25/07/2026, sans reçu.",Litige agent Mobile Money,sur-facturation,2026-07-25,resolu,17,guichet,Bafoussam - Tsinga,REC-2026-66391
lagent ma fait payer 365000 en plus le 25/07/2026 en disant que cest la commission. cest pas normal,Litige agent Mobile Money,sur-facturation,2026-07-25,en_cours,37,USSD,Kumba - Deido,REC-2026-90384
Je constate un prélèvement mensuel de 6 000 000 F depuis le 25/07/2026 dont personne ne m'a jamais parlé à l'ouverture du compte.,Frais non justifiés,frais cachés,2026-07-25,en_cours,37,agence,Bamenda - Biyem-Assi,REC-2026-27643
"Le 26/07/2026, ma ligne a cessé de fonctionner et dans la foulée 335000 F ont disparu de mon compte Orange Money. On a clairement refait ma SIM à mon insu.",Fraude / hameçonnage,SIM swap,2026-07-26,en_cours,36,centre d'appel,Bamenda - Makepe,REC-2026-87287
"Sur mon relevé du 26/07/2026, une ligne de 76000 FCFA que je ne reconnais pas du tout. Ce n'est ni le bon montant, ni la bonne opération.",Double débit / débit erroné,montant incorrect,2026-07-26,resolu,34,courriel,Buea - Makepe,REC-2026-95081
retrait de 60000 le 26/07/2026 et les frais sont trop élevés par rapport a ce qui est marqué sur laffiche de lagence,Frais non justifiés,frais de retrait abusifs,2026-07-26,en_cours,36,agence,Ngaoundéré - Biyem-Assi,REC-2026-30088
"je narrive pas a finaliser mon envoi de 77000 f depuis le 26/07/2026, ca reste en traitement et mon solde est bloqué",Transaction Mobile Money échouée,transfert bloqué,2026-07-26,en_cours,36,guichet,Limbe - Mvog-Mbi,REC-2026-32751
Escroquerie par faux agent le 26/07/2026 à Douala : 3 000 000 FCFA perdus. Il avait un badge et connaissait mon nom.,Fraude / hameçonnage,faux agent,2026-07-26,en_cours,36,courriel,Yaoundé - Tsinga,REC-2026-25485
"Le montant débité le 26/07/2026 ne correspond pas à ma transaction : j'avais saisi 849000 F, mon relevé en indique davantage.",Double débit / débit erroné,montant incorrect,2026-07-26,en_cours,36,USSD,Kumba - Tsinga,REC-2026-93316
"Le 26/07/2026, l'agent a refusé mon opération de 245000 FCFA en exigeant que j'achète du crédit téléphonique d'abord.",Litige agent Mobile Money,refus de service,2026-07-26,en_cours,36,centre d'appel,Dschang - Biyem-Assi,REC-2026-91697
J'ai envoyé 590000 FCFA depuis mon compte YUP le 26/07/2026 vers le numéro de mon frère à Ngaoundéré. Mon compte a été débité mais il n'a jamais rien reçu. Cela fait plusieurs jours et personne ne me répond.,Transaction Mobile Money échouée,débit sans crédit,2026-07-26,en_cours,36,courrier recommandé,Limbe - Essos,REC-2026-45757
Depuis le 26/07/2026 impossible d'effectuer la moindre opération. L'agence de Dschang me dit que le dossier est « en cours de vérification » sans plus de détail.,Compte bloqué / KYC,blocage après contrôle,2026-07-26,en_cours,36,USSD,Ngaoundéré - Biyem-Assi,REC-2026-70481
J'ai été victime d'un individu se faisant passer pour un employé de Afriland First Bank le 27/07/2026. Préjudice : 1 000 000 F.,Fraude / hameçonnage,faux agent,2026-07-27,en_cours,35,réseaux sociaux,Dschang - Nlongkak,REC-2026-57088
"Je suis allé chez l'agent pour un dépôt de 52000 FCFA le 27/07/2026, il a pris l'argent mais mon compte n'a jamais été crédité. Il ne répond plus au téléphone.",Litige agent Mobile Money,agent insolvable,2026-07-27,en_cours,35,courriel,Maroua - Biyem-Assi,REC-2026-94077
"on a volé 5 000 000 sur mon compte le 27/07/2026. jai reçu un sms bizarre avant, je pense que cest un piratage",Fraude / hameçonnage,code PIN compromis,2026-07-27,resolu,28,application mobile,Maroua - Bonabéri,REC-2026-96925
Un faux agent Campost Mobile m'a abordé au marché de Mvog-Mbi le 27/07/2026 et m'a soutiré 2 000 000 FCFA en prétendant régulariser mon compte.,Fraude / hameçonnage,faux agent,2026-07-27,resolu,12,réseaux sociaux,Kumba - Akwa,REC-2026-62524
"Transfert non autorisé vers un tiers le 27/07/2026, montant 379000 F. Je n'ai donné aucune instruction en ce sens.",Erreur de destinataire,transfert vers tiers,2026-07-27,en_cours,35,USSD,Maroua - Mvog-Mbi,REC-2026-23097
"Code de retrait consommé le 27/07/2026 pour 445000 F, aucune remise d'espèces. L'agent prétend que le réseau a coupé, pourtant mon solde a bien baissé.",Transaction Mobile Money échouée,retrait agent refusé,2026-07-27,en_cours,35,réseaux sociaux,Bamenda - Melen,REC-2026-48601
"Le 27/07/2026, l'agent a refusé mon opération de 300000 FCFA en exigeant que j'achète du crédit téléphonique d'abord.",Litige agent Mobile Money,refus de service,2026-07-27,en_cours,35,USSD,Kribi - Melen,REC-2026-64605
Refus de service le 27/07/2026 à l'agence de Bertoua : on m'a dit que je devais avoir un compte chez eux pour retirer mes 862000 F.,Litige agent Mobile Money,refus de service,2026-07-27,en_cours,35,courriel,Yaoundé - Tsinga,REC-2026-30742
"L'agent de Mokolo m'a réclamé une commission supplémentaire de 881000 FCFA le 27/07/2026, en plus des frais normaux.",Litige agent Mobile Money,sur-facturation,2026-07-27,en_cours,35,guichet,Ngaoundéré - New-Bell,REC-2026-89816
Depuis le 27/07/2026 impossible d'effectuer la moindre opération. L'agence de Yaoundé me dit que le dossier est « en cours de vérification » sans plus de détail.,Compte bloqué / KYC,blocage après contrôle,2026-07-27,en_cours,35,application mobile,Kribi - Deido,REC-2026-79372
Chaque retrait chez l'agent Express Union Mobile me coûte plus cher que le tarif officiel. Dernier cas le 27/07/2026 pour 250000 F.,Frais non justifiés,frais de retrait abusifs,2026-07-27,resolu,20,réseaux sociaux,Bertoua - Akwa,REC-2026-99514
J'ai été victime d'un individu se faisant passer pour un employé de BGFI Bank le 28/07/2026. Préjudice : 6 000 000 F.,Fraude / hameçonnage,faux agent,2026-07-28,en_cours,34,courrier recommandé,Bertoua - Makepe,REC-2026-49515
"Compte gelé le 28/07/2026 pour cause de conformité. Je suis client depuis huit ans, aucune explication ne m'a été fournie.",Compte bloqué / KYC,blocage après contrôle,2026-07-28,en_cours,34,courrier recommandé,Maroua - Akwa,REC-2026-89908
un homme avec un gilet de votre société ma pris 91000 le 28/07/2026 en disant quil allait débloquer mon compte. il a disparu,Fraude / hameçonnage,faux agent,2026-07-28,en_cours,34,USSD,Buea - Mvog-Mbi,REC-2026-49866
"Le 28/07/2026, des opérations frauduleuses pour 8 000 000 FCFA ont été passées avec mon code secret. Je demande le blocage immédiat et le remboursement.",Fraude / hameçonnage,code PIN compromis,2026-07-28,resolu,30,guichet,Garoua - Bastos,REC-2026-37117
Mon compte est bloqué depuis le 28/07/2026 suite à un contrôle. Je ne peux plus accéder à mes 20000 FCFA et personne ne m'explique pourquoi.,Compte bloqué / KYC,blocage après contrôle,2026-07-28,en_cours,34,réseaux sociaux,Garoua - Makepe,REC-2026-60683
"Impossible de me connecter depuis le 29/07/2026. Le serveur renvoie une erreur à chaque essai, y compris en agence.",Panne / indisponibilité technique,service indisponible,2026-07-29,resolu,19,centre d'appel,Garoua - Bonamoussadi,REC-2026-33435
"Mon compte a été piraté le 29/07/2026, 70000 F retirés. J'ai reçu un appel se disant du service client qui m'a demandé mon code, j'ai compris trop tard.",Fraude / hameçonnage,code PIN compromis,2026-07-29,resolu,9,agence,Douala - Mokolo,REC-2026-34341
"Transfert de 6 000 000 F effectué le 29/07/2026, argent retiré de mon solde, destinataire jamais crédité. J'ai le SMS de confirmation mais rien de l'autre côté.",Transaction Mobile Money échouée,débit sans crédit,2026-07-29,en_cours,33,USSD,Kumba - Mvog-Mbi,REC-2026-18609
"Le 29/07/2026, une personne se présentant comme votre agent m'a fait valider une opération de 6 000 000 F. C'était une arnaque.",Fraude / hameçonnage,faux agent,2026-07-29,resolu,5,courriel,Dschang - Mvog-Mbi,REC-2026-61908
"Compte gelé le 29/07/2026 pour cause de conformité. Je suis client depuis huit ans, aucune explication ne m'a été fournie.",Compte bloqué / KYC,blocage après contrôle,2026-07-29,en_cours,33,réseaux sociaux,Kribi - Biyem-Assi,REC-2026-81141
"Transfert non autorisé vers un tiers le 29/07/2026, montant 255000 F. Je n'ai donné aucune instruction en ce sens.",Erreur de destinataire,transfert vers tiers,2026-07-29,en_cours,33,application mobile,Edéa - Mokolo,REC-2026-75280
"Commission inconnue de 1 000 000 F débitée le 29/07/2026. Aucune notification préalable, aucun affichage en agence de Buea.",Frais non justifiés,frais cachés,2026-07-29,resolu,30,agence,Garoua - Mokolo,REC-2026-71054
largent de 56000 envoyé le 30/07/2026 est allé chez quelquun que je connais pas. ce nest pas le numero que jai composé,Erreur de destinataire,mauvais numéro crédité,2026-07-30,en_cours,32,réseaux sociaux,Kribi - Melen,REC-2026-56624
Chaque retrait chez l'agent MTN MoMo me coûte plus cher que le tarif officiel. Dernier cas le 30/07/2026 pour 2 000 000 F.,Frais non justifiés,frais de retrait abusifs,2026-07-30,en_cours,32,guichet,Bafoussam - New-Bell,REC-2026-32632
"L'appli s'est bloquée le 30/07/2026 après la saisie du code, pour un montant de 5 000 000 F. Depuis, statut incohérent.",Panne / indisponibilité technique,appli plantée pendant transaction,2026-07-30,resolu,19,application mobile,Bafoussam - New-Bell,REC-2026-10534
"Commission illégale de 15000 F prélevée en espèces par l'agent le 30/07/2026, sans reçu.",Litige agent Mobile Money,sur-facturation,2026-07-30,resolu,28,USSD,Kumba - Biyem-Assi,REC-2026-25402
Double prélèvement constaté le 30/07/2026 : 78000 FCFA débités à 14h07 puis à 14h09 pour la même opération. Référence F907425494.,Double débit / débit erroné,double prélèvement,2026-07-30,en_cours,32,application mobile,Kribi - Deido,REC-2026-69796
"Rejet de mes justificatifs d'identité le 30/07/2026. On m'a demandé un récépissé, je l'ai fourni, il a également été rejeté.",Compte bloqué / KYC,pièce d'identité rejetée,2026-07-30,resolu,22,agence,Bertoua - Nlongkak,REC-2026-73571
"Transaction B966066348 initiée le 30/07/2026 : toujours en attente. Impossible de l'annuler dans l'application, impossible de récupérer les 1 000 000 F.",Transaction Mobile Money échouée,transfert bloqué,2026-07-30,resolu,20,USSD,Dschang - Melen,REC-2026-95728
"J'ai autorisé un paiement de 470000 FCFA le 30/07/2026, mais c'est un montant bien supérieur qui a été débité. L'écart est inexpliqué.",Double débit / débit erroné,montant incorrect,2026-07-30,resolu,29,guichet,Bamenda - Melen,REC-2026-55884
Frais de tenue de compte de 2 000 000 FCFA appliqués le 31/07/2026 alors que mon offre était présentée comme sans frais. Je demande le remboursement et la grille tarifaire.,Frais non justifiés,frais cachés,2026-07-31,resolu,10,courrier recommandé,Bamenda - Mvog-Mbi,REC-2026-49725
Depuis le 31/07/2026 impossible d'effectuer la moindre opération. L'agence de Yaoundé me dit que le dossier est « en cours de vérification » sans plus de détail.,Compte bloqué / KYC,blocage après contrôle,2026-07-31,resolu,9,guichet,Ebolowa - New-Bell,REC-2026-11877
"Impossible de me connecter depuis le 31/07/2026. Le serveur renvoie une erreur à chaque essai, y compris en agence.",Panne / indisponibilité technique,service indisponible,2026-07-31,en_cours,31,agence,Edéa - Essos,REC-2026-34143
Chaque retrait chez l'agent YUP me coûte plus cher que le tarif officiel. Dernier cas le 31/07/2026 pour 321000 F.,Frais non justifiés,frais de retrait abusifs,2026-07-31,en_cours,31,agence,Bafoussam - Essos,REC-2026-85926
Escroquerie par faux agent le 31/07/2026 à Garoua : 20000 FCFA perdus. Il avait un badge et connaissait mon nom.,Fraude / hameçonnage,faux agent,2026-07-31,en_cours,31,agence,Dschang - Biyem-Assi,REC-2026-32726
jai payé une seule fois 355000 le 01/08/2026 et je vois deux lignes pareilles sur mon compte. cest quoi ca ?,Double débit / débit erroné,double prélèvement,2026-08-01,resolu,24,application mobile,Edéa - Bastos,REC-2026-34167
Un faux agent Orange Money m'a abordé au marché de New-Bell le 01/08/2026 et m'a soutiré 87000 FCFA en prétendant régulariser mon compte.,Fraude / hameçonnage,faux agent,2026-08-01,en_cours,30,réseaux sociaux,Dschang - Mokolo,REC-2026-80355
"Le 01/08/2026, l'agent a refusé mon opération de 53000 FCFA en exigeant que j'achète du crédit téléphonique d'abord.",Litige agent Mobile Money,refus de service,2026-08-01,en_cours,30,application mobile,Ngaoundéré - Akwa,REC-2026-86953
largent de 420000 envoyé le 01/08/2026 est allé chez quelquun que je connais pas. ce nest pas le numero que jai composé,Erreur de destinataire,mauvais numéro crédité,2026-08-01,resolu,5,application mobile,Bertoua - Bonamoussadi,REC-2026-48806
Blocage d'un transfert de 420000 FCFA depuis le 01/08/2026. On me demande de patienter 72h depuis maintenant deux semaines.,Transaction Mobile Money échouée,transfert bloqué,2026-08-01,en_cours,30,courriel,Ebolowa - Nlongkak,REC-2026-67300
"Depuis le 01/08/2026, MTN MoMo prélève 255000 FCFA chaque mois au titre de « frais de service ». Je n'ai jamais souscrit à ce service.",Frais non justifiés,frais cachés,2026-08-01,resolu,7,courrier recommandé,Kumba - Mvog-Mbi,REC-2026-44180
"Transaction H838965976 initiée le 01/08/2026 : toujours en attente. Impossible de l'annuler dans l'application, impossible de récupérer les 2 000 000 F.",Transaction Mobile Money échouée,transfert bloqué,2026-08-01,en_cours,30,centre d'appel,Bertoua - Tsinga,REC-2026-17827
largent de 4 000 000 envoyé le 02/08/2026 est allé chez quelquun que je connais pas. ce nest pas le numero que jai composé,Erreur de destinataire,mauvais numéro crédité,2026-08-02,en_cours,29,agence,Ngaoundéré - Mokolo,REC-2026-32717
Mon dossier KYC est refusé depuis le 02/08/2026 : la photo de ma CNI serait « illisible » alors qu'elle a été prise en agence de Deido par votre propre agent.,Compte bloqué / KYC,pièce d'identité rejetée,2026-08-02,resolu,20,réseaux sociaux,Bafoussam - Tsinga,REC-2026-93864
Vous m'avez facturé des frais disproportionnés pour un simple retrait de 290000 FCFA effectué le 02/08/2026. Merci de justifier ce calcul.,Frais non justifiés,frais de retrait abusifs,2026-08-02,resolu,10,agence,Buea - Tsinga,REC-2026-24359
"Le 02/08/2026, l'agent Orange Money de Dschang a majoré arbitrairement les frais de mon opération de 240000 FCFA. Le tarif officiel n'était pas respecté.",Litige agent Mobile Money,sur-facturation,2026-08-02,en_cours,29,guichet,Maroua - Mvog-Mbi,REC-2026-13033
"Mon compte a été piraté le 02/08/2026, 100000 F retirés. J'ai reçu un appel se disant du service client qui m'a demandé mon code, j'ai compris trop tard.",Fraude / hameçonnage,code PIN compromis,2026-08-02,resolu,21,USSD,Douala - Mokolo,REC-2026-24326
L'application a planté le 02/08/2026 en pleine transaction de 457000 FCFA. Je ne sais pas si l'opération est passée ou non.,Panne / indisponibilité technique,appli plantée pendant transaction,2026-08-02,resolu,13,centre d'appel,Bafoussam - Mvog-Mbi,REC-2026-18955
"Mon compte a été piraté le 02/08/2026, 245000 F retirés. J'ai reçu un appel se disant du service client qui m'a demandé mon code, j'ai compris trop tard.",Fraude / hameçonnage,code PIN compromis,2026-08-02,en_cours,29,application mobile,Ebolowa - Melen,REC-2026-32669
"Le 03/08/2026, 336000 FCFA ont été transférés depuis mon compte vers un bénéficiaire inconnu de moi. Je demande une enquête et la restitution.",Erreur de destinataire,transfert vers tiers,2026-08-03,resolu,8,guichet,Bamenda - Akwa,REC-2026-94713
"Le 03/08/2026, l'agent Express Union Mobile de Ngaoundéré a majoré arbitrairement les frais de mon opération de 32000 FCFA. Le tarif officiel n'était pas respecté.",Litige agent Mobile Money,sur-facturation,2026-08-03,en_cours,28,courrier recommandé,Buea - Mvog-Mbi,REC-2026-93584
Ma pièce d'identité a été rejetée le 03/08/2026 alors que ma CNI est parfaitement valide jusqu'en 2029. Mon compte reste inaccessible.,Compte bloqué / KYC,pièce d'identité rejetée,2026-08-03,resolu,4,centre d'appel,Yaoundé - Biyem-Assi,REC-2026-61412
lagent ma fait payer 1 000 000 en plus le 03/08/2026 en disant que cest la commission. cest pas normal,Litige agent Mobile Money,sur-facturation,2026-08-03,en_cours,28,USSD,Bamenda - Tsinga,REC-2026-12136
"Retrait de 449000 F refusé le 03/08/2026 alors que la transaction est passée de mon côté. L'agent m'a dit de revenir demain, je suis revenu trois fois.",Transaction Mobile Money échouée,retrait agent refusé,2026-08-03,en_cours,28,USSD,Kumba - Akwa,REC-2026-80344
"Je me suis présenté chez l'agent Campost Mobile de Biyem-Assi à Kribi le 03/08/2026 pour retirer 185000 FCFA. Le code de retrait a été validé, mon compte débité, mais l'agent a refusé de me donner l'argent en disant qu'il n'a pas de liquidité.",Transaction Mobile Money échouée,retrait agent refusé,2026-08-03,en_cours,28,courrier recommandé,Garoua - Mokolo,REC-2026-75592
lagent a pris mon argent 5 000 000 le 03/08/2026 et na pas fait lopération. maintenant il ne repond plus,Litige agent Mobile Money,agent insolvable,2026-08-03,en_cours,28,centre d'appel,Ebolowa - Makepe,REC-2026-19263
ma cni a été refusée le 03/08/2026 pour une raison que je ne comprends pas. elle est valide pourtant,Compte bloqué / KYC,pièce d'identité rejetée,2026-08-03,en_cours,28,USSD,Garoua - Bonabéri,REC-2026-62359
lagent a pris mon argent 169000 le 03/08/2026 et na pas fait lopération. maintenant il ne repond plus,Litige agent Mobile Money,agent insolvable,2026-08-03,en_cours,28,USSD,Bamenda - Bastos,REC-2026-52271
"Le 03/08/2026, l'appli s'est fermée pendant mon transfert de 150000 F. Mon solde a baissé mais aucune trace dans l'historique.",Panne / indisponibilité technique,appli plantée pendant transaction,2026-08-03,en_cours,28,courrier recommandé,Maroua - Bonamoussadi,REC-2026-61299
"on a volé 642000 sur mon compte le 03/08/2026. jai reçu un sms bizarre avant, je pense que cest un piratage",Fraude / hameçonnage,code PIN compromis,2026-08-03,resolu,21,application mobile,Limbe - Bastos,REC-2026-72883
erreur de montant sur lopération du 04/08/2026. jai tapé 6 000 000 et vous avez prélevé plus. corrigez svp,Double débit / débit erroné,montant incorrect,2026-08-04,resolu,12,guichet,Edéa - Mvog-Mbi,REC-2026-36120
"J'ai autorisé un paiement de 21000 FCFA le 04/08/2026, mais c'est un montant bien supérieur qui a été débité. L'écart est inexpliqué.",Double débit / débit erroné,montant incorrect,2026-08-04,en_cours,27,USSD,Limbe - Nlongkak,REC-2026-94113
"Le montant débité le 04/08/2026 ne correspond pas à ma transaction : j'avais saisi 886000 F, mon relevé en indique davantage.",Double débit / débit erroné,montant incorrect,2026-08-04,resolu,16,centre d'appel,Garoua - Mokolo,REC-2026-96506
"je narrive pas a finaliser mon envoi de 64000 f depuis le 04/08/2026, ca reste en traitement et mon solde est bloqué",Transaction Mobile Money échouée,transfert bloqué,2026-08-04,resolu,4,centre d'appel,Kumba - Makepe,REC-2026-42859
"Le 04/08/2026, retrait de 77000 FCFA validé par le système, argent non remis par l'agent de Buea. J'ai porté plainte au commissariat mais je veux d'abord une réponse de votre part.",Transaction Mobile Money échouée,retrait agent refusé,2026-08-04,en_cours,27,agence,Kumba - Essos,REC-2026-51681
Refus de service le 05/08/2026 à l'agence de Dschang : on m'a dit que je devais avoir un compte chez eux pour retirer mes 727000 F.,Litige agent Mobile Money,refus de service,2026-08-05,resolu,4,agence,Bafoussam - Tsinga,REC-2026-75416
"J'ai autorisé un paiement de 699000 FCFA le 05/08/2026, mais c'est un montant bien supérieur qui a été débité. L'écart est inexpliqué.",Double débit / débit erroné,montant incorrect,2026-08-05,resolu,26,agence,Bamenda - Mokolo,REC-2026-76567
"Commission illégale de 390000 F prélevée en espèces par l'agent le 05/08/2026, sans reçu.",Litige agent Mobile Money,sur-facturation,2026-08-05,en_cours,26,centre d'appel,Ngaoundéré - Essos,REC-2026-82952
Mon dossier KYC est refusé depuis le 05/08/2026 : la photo de ma CNI serait « illisible » alors qu'elle a été prise en agence de Melen par votre propre agent.,Compte bloqué / KYC,pièce d'identité rejetée,2026-08-05,resolu,25,application mobile,Yaoundé - Biyem-Assi,REC-2026-87245
"J'ai autorisé un paiement de 3 000 000 FCFA le 05/08/2026, mais c'est un montant bien supérieur qui a été débité. L'écart est inexpliqué.",Double débit / débit erroné,montant incorrect,2026-08-05,resolu,22,courrier recommandé,Ngaoundéré - Mvog-Mbi,REC-2026-44332
"Le 05/08/2026, une personne se présentant comme votre agent m'a fait valider une opération de 4 000 000 F. C'était une arnaque.",Fraude / hameçonnage,faux agent,2026-08-05,resolu,22,centre d'appel,Dschang - Bonamoussadi,REC-2026-62131
Blocage de mon compte le 05/08/2026 sans préavis. On me parle de vérification KYC mais aucun document précis ne m'a été demandé.,Compte bloqué / KYC,blocage après contrôle,2026-08-05,en_cours,26,réseaux sociaux,Bertoua - Mvog-Mbi,REC-2026-35747
"Le 05/08/2026, l'appli s'est fermée pendant mon transfert de 250000 F. Mon solde a baissé mais aucune trace dans l'historique.",Panne / indisponibilité technique,appli plantée pendant transaction,2026-08-05,en_cours,26,USSD,Maroua - Tsinga,REC-2026-32762
lagent ma fait payer 84000 en plus le 05/08/2026 en disant que cest la commission. cest pas normal,Litige agent Mobile Money,sur-facturation,2026-08-05,en_cours,26,centre d'appel,Ebolowa - Deido,REC-2026-16017
largent de 240000 envoyé le 05/08/2026 est allé chez quelquun que je connais pas. ce nest pas le numero que jai composé,Erreur de destinataire,mauvais numéro crédité,2026-08-05,en_cours,26,centre d'appel,Yaoundé - Melen,REC-2026-26982
"Le 05/08/2026 j'ai initié un paiement de 75000 FCFA, la transaction est marquée « réussie » dans l'historique mais le marchand de Akwa affirme n'avoir rien reçu. Je suis débité pour rien.",Transaction Mobile Money échouée,débit sans crédit,2026-08-05,resolu,13,guichet,Yaoundé - Essos,REC-2026-63261
"Le 05/08/2026 j'ai initié un paiement de 70000 FCFA, la transaction est marquée « réussie » dans l'historique mais le marchand de Mokolo affirme n'avoir rien reçu. Je suis débité pour rien.",Transaction Mobile Money échouée,débit sans crédit,2026-08-05,en_cours,26,agence,Garoua - Bonabéri,REC-2026-95331
"on a volé 46000 sur mon compte le 05/08/2026. jai reçu un sms bizarre avant, je pense que cest un piratage",Fraude / hameçonnage,code PIN compromis,2026-08-05,en_cours,26,réseaux sociaux,Kumba - Bonabéri,REC-2026-47541
"Commission illégale de 7 000 000 F prélevée en espèces par l'agent le 06/08/2026, sans reçu.",Litige agent Mobile Money,sur-facturation,2026-08-06,en_cours,25,agence,Edéa - Bonamoussadi,REC-2026-23265
"Suspension de mon compte le 06/08/2026 après un contrôle interne. Mes fonds, soit 30000 F, sont inaccessibles depuis 25 jours.",Compte bloqué / KYC,blocage après contrôle,2026-08-06,en_cours,25,guichet,Douala - Essos,REC-2026-27695
Erreur de destinataire le 06/08/2026 : 254000 FCFA crédités à un tiers. Je demande le rappel de fonds en urgence.,Erreur de destinataire,mauvais numéro crédité,2026-08-06,en_cours,25,centre d'appel,Dschang - Mokolo,REC-2026-51250
"Le montant débité le 06/08/2026 ne correspond pas à ma transaction : j'avais saisi 67000 F, mon relevé en indique davantage.",Double débit / débit erroné,montant incorrect,2026-08-06,en_cours,25,guichet,Kribi - Mvog-Mbi,REC-2026-10131
"Le 06/08/2026, une personne se présentant comme votre agent m'a fait valider une opération de 3 000 000 F. C'était une arnaque.",Fraude / hameçonnage,faux agent,2026-08-06,en_cours,25,guichet,Bafoussam - Essos,REC-2026-25122
Double prélèvement constaté le 06/08/2026 : 5 000 000 FCFA débités à 14h07 puis à 14h09 pour la même opération. Référence H698218767.,Double débit / débit erroné,double prélèvement,2026-08-06,resolu,25,courrier recommandé,Bafoussam - Mokolo,REC-2026-69302
erreur de montant sur lopération du 07/08/2026. jai tapé 185000 et vous avez prélevé plus. corrigez svp,Double débit / débit erroné,montant incorrect,2026-08-07,en_cours,24,USSD,Edéa - Biyem-Assi,REC-2026-39959
"Compte gelé le 07/08/2026 pour cause de conformité. Je suis client depuis huit ans, aucune explication ne m'a été fournie.",Compte bloqué / KYC,blocage après contrôle,2026-08-07,en_cours,24,agence,Ebolowa - Melen,REC-2026-61835
Je découvre sur mon relevé du 07/08/2026 des frais de 6 000 000 F intitulés « frais de gestion ». La tarification affichée à l'agence de Mvog-Mbi ne mentionne rien de tel.,Frais non justifiés,frais cachés,2026-08-07,resolu,19,application mobile,Limbe - Mokolo,REC-2026-65078
"Mon achat du 07/08/2026 chez le commerçant de Makepe m'a été facturé deux fois, soit 50000 F en trop. La caissière confirme n'avoir encaissé qu'une seule fois.",Double débit / débit erroné,double prélèvement,2026-08-07,en_cours,24,agence,Bamenda - Akwa,REC-2026-28909
lagent du quartier Deido a refusé mon retrait de 1 000 000 le 07/08/2026 apres avoir validé le code. mon argent est parti et je nai rien en main,Transaction Mobile Money échouée,retrait agent refusé,2026-08-07,en_cours,24,guichet,Yaoundé - Bonamoussadi,REC-2026-55807
"Le 07/08/2026 j'ai envoyé 165000 F à mon fournisseur de Garoua, la somme est arrivée chez un inconnu. Référence G384399423.",Erreur de destinataire,mauvais numéro crédité,2026-08-07,en_cours,24,agence,Edéa - New-Bell,REC-2026-39021
"On m'a prélevé 1 000 000 F deux fois pour le même paiement de facture le 07/08/2026 à Yaoundé. C'est une erreur de votre système, merci de corriger.",Double débit / débit erroné,double prélèvement,2026-08-07,en_cours,24,USSD,Ngaoundéré - Tsinga,REC-2026-33689
"MON COMPTE A ETE PIRATE LE 08/08/2026, 240000 FRANCS VOLES. JE N AI JAMAIS DONNE MON CODE A PERSONNE.",Fraude / hameçonnage,code PIN compromis,2026-08-08,resolu,8,guichet,Buea - Mokolo,REC-2026-28862
on a changé ma sim sans mon accord et pris 258000 le 08/08/2026. ma ligne était morte pendant deux heures,Fraude / hameçonnage,SIM swap,2026-08-08,resolu,13,courriel,Yaoundé - Bastos,REC-2026-26006
"Impossible de me connecter depuis le 08/08/2026. Le serveur renvoie une erreur à chaque essai, y compris en agence.",Panne / indisponibilité technique,service indisponible,2026-08-08,en_cours,23,courrier recommandé,Bertoua - Mokolo,REC-2026-63098
"Le 08/08/2026, retrait de 245000 FCFA validé par le système, argent non remis par l'agent de Dschang. J'ai porté plainte au commissariat mais je veux d'abord une réponse de votre part.",Transaction Mobile Money échouée,retrait agent refusé,2026-08-08,en_cours,23,agence,Douala - Melen,REC-2026-92046
"on a volé 430000 sur mon compte le 08/08/2026. jai reçu un sms bizarre avant, je pense que cest un piratage",Fraude / hameçonnage,code PIN compromis,2026-08-08,en_cours,23,application mobile,Bafoussam - Mokolo,REC-2026-65151
"L'agent de Makepe m'a réclamé une commission supplémentaire de 370000 FCFA le 08/08/2026, en plus des frais normaux.",Litige agent Mobile Money,sur-facturation,2026-08-08,resolu,9,guichet,Yaoundé - Bastos,REC-2026-21222
L'agent YUP de Melen a refusé de me servir le 09/08/2026 sous prétexte que le montant de 7 000 000 FCFA était trop faible.,Litige agent Mobile Money,refus de service,2026-08-09,en_cours,22,courriel,Bafoussam - Tsinga,REC-2026-39588
"Le 09/08/2026, l'agent a refusé mon opération de 370000 FCFA en exigeant que j'achète du crédit téléphonique d'abord.",Litige agent Mobile Money,refus de service,2026-08-09,resolu,19,centre d'appel,Dschang - Deido,REC-2026-55349
"Le 09/08/2026, une personne se présentant comme votre agent m'a fait valider une opération de 5 000 000 F. C'était une arnaque.",Fraude / hameçonnage,faux agent,2026-08-09,en_cours,22,application mobile,Bamenda - New-Bell,REC-2026-39696
jai payé une seule fois 175000 le 09/08/2026 et je vois deux lignes pareilles sur mon compte. cest quoi ca ?,Double débit / débit erroné,double prélèvement,2026-08-09,en_cours,22,réseaux sociaux,Maroua - Nlongkak,REC-2026-36208
Panne du code USSD depuis le 09/08/2026 : « service temporairement indisponible » à chaque tentative.,Panne / indisponibilité technique,service indisponible,2026-08-09,en_cours,22,réseaux sociaux,Kumba - New-Bell,REC-2026-48673
"Le 09/08/2026, des opérations frauduleuses pour 570000 FCFA ont été passées avec mon code secret. Je demande le blocage immédiat et le remboursement.",Fraude / hameçonnage,code PIN compromis,2026-08-09,en_cours,22,centre d'appel,Ebolowa - Mvog-Mbi,REC-2026-55791
cest quoi ces frais de 76000 le 09/08/2026 ? on ne ma jamais informé de ca a la signature,Frais non justifiés,frais cachés,2026-08-09,resolu,17,courriel,Yaoundé - Nlongkak,REC-2026-10381
Escroquerie par faux agent le 09/08/2026 à Ebolowa : 370000 FCFA perdus. Il avait un badge et connaissait mon nom.,Fraude / hameçonnage,faux agent,2026-08-09,en_cours,22,guichet,Bertoua - Biyem-Assi,REC-2026-87060
"Je me suis présenté chez l'agent Orange Money de Bonamoussadi à Buea le 09/08/2026 pour retirer 521000 FCFA. Le code de retrait a été validé, mon compte débité, mais l'agent a refusé de me donner l'argent en disant qu'il n'a pas de liquidité.",Transaction Mobile Money échouée,retrait agent refusé,2026-08-09,resolu,15,centre d'appel,Bamenda - Bastos,REC-2026-40721
"Transfert non autorisé vers un tiers le 09/08/2026, montant 8 000 000 F. Je n'ai donné aucune instruction en ce sens.",Erreur de destinataire,transfert vers tiers,2026-08-09,resolu,8,centre d'appel,Buea - Mokolo,REC-2026-43531
"Frais de retrait excessifs constatés le 10/08/2026 au distributeur de Akwa : je conteste, le barème n'est pas respecté.",Frais non justifiés,frais de retrait abusifs,2026-08-10,resolu,11,agence,Kribi - Akwa,REC-2026-68046
"Transfert de 459000 F effectué le 10/08/2026, argent retiré de mon solde, destinataire jamais crédité. J'ai le SMS de confirmation mais rien de l'autre côté.",Transaction Mobile Money échouée,débit sans crédit,2026-08-10,resolu,10,centre d'appel,Garoua - Deido,REC-2026-75023
"Dépôt de 315000 FCFA remis à l'agent de Edéa le 10/08/2026, jamais porté sur mon compte. L'agent affirme ne plus avoir de fonds.",Litige agent Mobile Money,agent insolvable,2026-08-10,resolu,8,application mobile,Yaoundé - Bastos,REC-2026-68815
"Code de retrait consommé le 10/08/2026 pour 8 000 000 F, aucune remise d'espèces. L'agent prétend que le réseau a coupé, pourtant mon solde a bien baissé.",Transaction Mobile Money échouée,retrait agent refusé,2026-08-10,en_cours,21,application mobile,Buea - Deido,REC-2026-72171
Double prélèvement constaté le 10/08/2026 : 24000 FCFA débités à 14h07 puis à 14h09 pour la même opération. Référence A201394966.,Double débit / débit erroné,double prélèvement,2026-08-10,resolu,5,réseaux sociaux,Ebolowa - Essos,REC-2026-32137
jai payé une seule fois 8 000 000 le 11/08/2026 et je vois deux lignes pareilles sur mon compte. cest quoi ca ?,Double débit / débit erroné,double prélèvement,2026-08-11,en_cours,20,USSD,Yaoundé - Melen,REC-2026-79135
"je veux fermer mon compte, quelle est la procedure ?",Autre / non catégorisé,,2026-08-11,resolu,8,réseaux sociaux,Yaoundé - Bonamoussadi,REC-2026-71688
Mon transfert de 91000 F du 11/08/2026 est parti sur un mauvais numéro. J'avais pourtant choisi le contact enregistré dans mon répertoire.,Erreur de destinataire,mauvais numéro crédité,2026-08-11,en_cours,20,centre d'appel,Kribi - Mvog-Mbi,REC-2026-14675
Ma carte SIM a été dupliquée et quelqu'un a vidé mon compte de 85000 FCFA le 11/08/2026. Je n'ai jamais perdu mon téléphone.,Fraude / hameçonnage,SIM swap,2026-08-11,resolu,18,courriel,Dschang - Bonamoussadi,REC-2026-87733
Sur-facturation constatée le 11/08/2026 : l'agent a exigé 35000 F de « frais de dérangement » hors barème.,Litige agent Mobile Money,sur-facturation,2026-08-11,resolu,8,courriel,Bafoussam - Essos,REC-2026-15000
"Dépôt de 436000 FCFA remis à l'agent de Douala le 11/08/2026, jamais porté sur mon compte. L'agent affirme ne plus avoir de fonds.",Litige agent Mobile Money,agent insolvable,2026-08-11,resolu,3,guichet,Dschang - Deido,REC-2026-94844
"Commission inconnue de 150000 F débitée le 11/08/2026. Aucune notification préalable, aucun affichage en agence de Kumba.",Frais non justifiés,frais cachés,2026-08-11,resolu,7,courrier recommandé,Maroua - Mokolo,REC-2026-82529
"Le 11/08/2026, des opérations frauduleuses pour 8 000 000 FCFA ont été passées avec mon code secret. Je demande le blocage immédiat et le remboursement.",Fraude / hameçonnage,code PIN compromis,2026-08-11,resolu,13,centre d'appel,Bertoua - Akwa,REC-2026-24412
lagent a pris mon argent 8 000 000 le 11/08/2026 et na pas fait lopération. maintenant il ne repond plus,Litige agent Mobile Money,agent insolvable,2026-08-11,en_cours,20,USSD,Ngaoundéré - Deido,REC-2026-63114
Sur-facturation constatée le 11/08/2026 : l'agent a exigé 42000 F de « frais de dérangement » hors barème.,Litige agent Mobile Money,sur-facturation,2026-08-11,en_cours,20,courriel,Bertoua - Bastos,REC-2026-67515
Chaque retrait chez l'agent Orange Money me coûte plus cher que le tarif officiel. Dernier cas le 11/08/2026 pour 6 000 000 F.,Frais non justifiés,frais de retrait abusifs,2026-08-11,resolu,13,centre d'appel,Bafoussam - Deido,REC-2026-69642
Panne du code USSD depuis le 11/08/2026 : « service temporairement indisponible » à chaque tentative.,Panne / indisponibilité technique,service indisponible,2026-08-11,resolu,9,agence,Bamenda - Mokolo,REC-2026-40365
Fraude par échange de SIM constatée le 11/08/2026 : perte de 449000 FCFA. Un duplicata a été émis dans une agence de Limbe sans ma présence.,Fraude / hameçonnage,SIM swap,2026-08-11,resolu,5,application mobile,Dschang - Biyem-Assi,REC-2026-32811
lagent du quartier Essos a refusé mon retrait de 1 000 000 le 11/08/2026 apres avoir validé le code. mon argent est parti et je nai rien en main,Transaction Mobile Money échouée,retrait agent refusé,2026-08-11,resolu,3,guichet,Yaoundé - Deido,REC-2026-25112
Mon dossier KYC est refusé depuis le 11/08/2026 : la photo de ma CNI serait « illisible » alors qu'elle a été prise en agence de Akwa par votre propre agent.,Compte bloqué / KYC,pièce d'identité rejetée,2026-08-11,en_cours,20,courrier recommandé,Yaoundé - Bastos,REC-2026-14272
Depuis le 12/08/2026 impossible d'effectuer la moindre opération. L'agence de Bertoua me dit que le dossier est « en cours de vérification » sans plus de détail.,Compte bloqué / KYC,blocage après contrôle,2026-08-12,resolu,2,courrier recommandé,Edéa - Makepe,REC-2026-22836
"MON COMPTE A ETE PIRATE LE 12/08/2026, 340000 FRANCS VOLES. JE N AI JAMAIS DONNE MON CODE A PERSONNE.",Fraude / hameçonnage,code PIN compromis,2026-08-12,resolu,4,réseaux sociaux,Ngaoundéré - Tsinga,REC-2026-49598
"Le montant débité le 12/08/2026 ne correspond pas à ma transaction : j'avais saisi 5 000 000 F, mon relevé en indique davantage.",Double débit / débit erroné,montant incorrect,2026-08-12,en_cours,19,centre d'appel,Bamenda - Mvog-Mbi,REC-2026-52146
"Ma facture s'élevait à 4 000 000 F, le prélèvement du 12/08/2026 est supérieur. Je conteste formellement cet écart.",Double débit / débit erroné,montant incorrect,2026-08-12,en_cours,19,agence,Dschang - Biyem-Assi,REC-2026-39570
"Le 13/08/2026, l'appli s'est fermée pendant mon transfert de 5 000 000 F. Mon solde a baissé mais aucune trace dans l'historique.",Panne / indisponibilité technique,appli plantée pendant transaction,2026-08-13,en_cours,18,USSD,Maroua - Mvog-Mbi,REC-2026-39174
Escroquerie par faux agent le 13/08/2026 à Edéa : 125000 FCFA perdus. Il avait un badge et connaissait mon nom.,Fraude / hameçonnage,faux agent,2026-08-13,en_cours,18,application mobile,Yaoundé - Mokolo,REC-2026-60426
Panne du code USSD depuis le 13/08/2026 : « service temporairement indisponible » à chaque tentative.,Panne / indisponibilité technique,service indisponible,2026-08-13,en_cours,18,application mobile,Kribi - Melen,REC-2026-59660
"Le 13/08/2026, l'agent a reçu 12000 F en espèces de ma part et n'a jamais validé la transaction. Je demande votre intervention.",Litige agent Mobile Money,agent insolvable,2026-08-13,resolu,4,guichet,Limbe - Nlongkak,REC-2026-83313
On m'a refusé un retrait de 27000 F le 13/08/2026 au motif que « le patron n'est pas là ». C'est inadmissible.,Litige agent Mobile Money,refus de service,2026-08-13,en_cours,18,réseaux sociaux,Maroua - Akwa,REC-2026-54990
"L'agent de Bastos m'a réclamé une commission supplémentaire de 87000 FCFA le 14/08/2026, en plus des frais normaux.",Litige agent Mobile Money,sur-facturation,2026-08-14,en_cours,17,USSD,Dschang - Deido,REC-2026-79304
"Compte gelé le 14/08/2026 pour cause de conformité. Je suis client depuis huit ans, aucune explication ne m'a été fournie.",Compte bloqué / KYC,blocage après contrôle,2026-08-14,en_cours,17,USSD,Douala - Makepe,REC-2026-10970
"Rejet de mes justificatifs d'identité le 14/08/2026. On m'a demandé un récépissé, je l'ai fourni, il a également été rejeté.",Compte bloqué / KYC,pièce d'identité rejetée,2026-08-14,en_cours,17,réseaux sociaux,Kribi - Melen,REC-2026-51056
L'agent Campost Mobile de Nlongkak a encaissé mes 1 000 000 F le 14/08/2026 sans créditer mon compte. Sa boutique est fermée depuis.,Litige agent Mobile Money,agent insolvable,2026-08-14,en_cours,17,agence,Buea - Makepe,REC-2026-97067
"J'ai autorisé un paiement de 732000 FCFA le 14/08/2026, mais c'est un montant bien supérieur qui a été débité. L'écart est inexpliqué.",Double débit / débit erroné,montant incorrect,2026-08-14,en_cours,17,centre d'appel,Limbe - Akwa,REC-2026-15020
"Le 14/08/2026, des opérations frauduleuses pour 5 000 000 FCFA ont été passées avec mon code secret. Je demande le blocage immédiat et le remboursement.",Fraude / hameçonnage,code PIN compromis,2026-08-14,en_cours,17,réseaux sociaux,Bafoussam - Bonabéri,REC-2026-65487
lagent a refusé de me servir le 15/08/2026 sans donner de raison. jai fait 12 km pour rien,Litige agent Mobile Money,refus de service,2026-08-15,resolu,2,courrier recommandé,Dschang - New-Bell,REC-2026-60215
retrait de 425000 le 15/08/2026 et les frais sont trop élevés par rapport a ce qui est marqué sur laffiche de lagence,Frais non justifiés,frais de retrait abusifs,2026-08-15,resolu,10,courriel,Bertoua - Essos,REC-2026-68048
"Je n'arrive pas à télécharger l'application sur mon téléphone, y a-t-il une version plus légère ?",Autre / non catégorisé,,2026-08-15,en_cours,16,courriel,Kribi - Akwa,REC-2026-55426
Les frais de retrait appliqués le 15/08/2026 sur mes 3 000 000 F sont abusifs. Le tarif public annonce un autre montant.,Frais non justifiés,frais de retrait abusifs,2026-08-15,resolu,15,application mobile,Ngaoundéré - Deido,REC-2026-57012
"Le service est indisponible depuis le 15/08/2026, impossible de faire la moindre opération. J'ai besoin d'accéder à mes 490000 FCFA.",Panne / indisponibilité technique,service indisponible,2026-08-15,resolu,2,courriel,Ngaoundéré - Mvog-Mbi,REC-2026-44934
Blocage d'un transfert de 572000 FCFA depuis le 15/08/2026. On me demande de patienter 72h depuis maintenant deux semaines.,Transaction Mobile Money échouée,transfert bloqué,2026-08-15,en_cours,16,application mobile,Douala - Biyem-Assi,REC-2026-64519
L'agent Express Union Mobile de Melen a encaissé mes 4 000 000 F le 15/08/2026 sans créditer mon compte. Sa boutique est fermée depuis.,Litige agent Mobile Money,agent insolvable,2026-08-15,en_cours,16,USSD,Yaoundé - Akwa,REC-2026-25078
"Opération du 15/08/2026 : 3 000 000 F débités, aucun crédit côté destinataire. Référence D888009210. J'ai appelé le service client trois fois, on me dit d'attendre.",Transaction Mobile Money échouée,débit sans crédit,2026-08-15,en_cours,16,courriel,Douala - Akwa,REC-2026-82300
lagent a pris mon argent 7 000 000 le 15/08/2026 et na pas fait lopération. maintenant il ne repond plus,Litige agent Mobile Money,agent insolvable,2026-08-15,resolu,16,agence,Bafoussam - Melen,REC-2026-93518
lagent ma fait payer 21000 en plus le 16/08/2026 en disant que cest la commission. cest pas normal,Litige agent Mobile Money,sur-facturation,2026-08-16,en_cours,15,USSD,Douala - Deido,REC-2026-35324
"Le 16/08/2026, l'appli s'est fermée pendant mon transfert de 298000 F. Mon solde a baissé mais aucune trace dans l'historique.",Panne / indisponibilité technique,appli plantée pendant transaction,2026-08-16,resolu,13,agence,Kumba - Mokolo,REC-2026-28154
"Code de retrait consommé le 16/08/2026 pour 556000 F, aucune remise d'espèces. L'agent prétend que le réseau a coupé, pourtant mon solde a bien baissé.",Transaction Mobile Money échouée,retrait agent refusé,2026-08-16,resolu,14,centre d'appel,Bertoua - New-Bell,REC-2026-31047
DEUX DEBITS DE 3 000 000 POUR UNE SEULE TRANSACTION LE 16/08/2026. JE VEUX LE REMBOURSEMENT IMMEDIAT.,Double débit / débit erroné,double prélèvement,2026-08-16,resolu,7,agence,Yaoundé - Melen,REC-2026-96500
"Mon achat du 16/08/2026 chez le commerçant de Nlongkak m'a été facturé deux fois, soit 768000 F en trop. La caissière confirme n'avoir encaissé qu'une seule fois.",Double débit / débit erroné,double prélèvement,2026-08-16,en_cours,15,courriel,Ebolowa - Tsinga,REC-2026-62556
"Pour un retrait de 6 000 000 FCFA au guichet de Ngaoundéré le 16/08/2026, on m'a ponctionné des frais nettement supérieurs au tarif affiché.",Frais non justifiés,frais de retrait abusifs,2026-08-16,en_cours,15,courrier recommandé,Yaoundé - Essos,REC-2026-96839
"Ma facture s'élevait à 16000 F, le prélèvement du 16/08/2026 est supérieur. Je conteste formellement cet écart.",Double débit / débit erroné,montant incorrect,2026-08-16,en_cours,15,réseaux sociaux,Maroua - Makepe,REC-2026-61571
"Le 16/08/2026, l'agent a refusé mon opération de 401000 FCFA en exigeant que j'achète du crédit téléphonique d'abord.",Litige agent Mobile Money,refus de service,2026-08-16,en_cours,15,centre d'appel,Edéa - Nlongkak,REC-2026-53555
"Pour un retrait de 7 000 000 FCFA au guichet de Yaoundé le 16/08/2026, on m'a ponctionné des frais nettement supérieurs au tarif affiché.",Frais non justifiés,frais de retrait abusifs,2026-08-16,resolu,6,réseaux sociaux,Kribi - Deido,REC-2026-64978
un homme avec un gilet de votre société ma pris 7 000 000 le 16/08/2026 en disant quil allait débloquer mon compte. il a disparu,Fraude / hameçonnage,faux agent,2026-08-16,resolu,7,courrier recommandé,Maroua - Akwa,REC-2026-29221
"Le 16/08/2026, une erreur du système a envoyé mes 62000 FCFA vers un numéro que je n'ai jamais saisi. Le bénéficiaire affiché n'est pas celui que j'avais sélectionné.",Erreur de destinataire,mauvais numéro crédité,2026-08-16,resolu,14,courrier recommandé,Bertoua - Nlongkak,REC-2026-57327
"Sur mon relevé du 16/08/2026, une ligne de 164000 FCFA que je ne reconnais pas du tout. Ce n'est ni le bon montant, ni la bonne opération.",Double débit / débit erroné,montant incorrect,2026-08-16,resolu,2,USSD,Bamenda - Melen,REC-2026-40538
on a changé ma sim sans mon accord et pris 42000 le 17/08/2026. ma ligne était morte pendant deux heures,Fraude / hameçonnage,SIM swap,2026-08-17,en_cours,14,USSD,Kumba - Biyem-Assi,REC-2026-95140
J'ai transféré 34000 FCFA à ma mère au village le 17/08/2026. Elle n'a rien vu passer. Mon relevé montre pourtant le débit.,Transaction Mobile Money échouée,débit sans crédit,2026-08-17,resolu,4,centre d'appel,Kumba - Bastos,REC-2026-89744
cest quoi ces frais de 240000 le 18/08/2026 ? on ne ma jamais informé de ca a la signature,Frais non justifiés,frais cachés,2026-08-18,en_cours,13,courriel,Ngaoundéré - Melen,REC-2026-35311
"Envoi de 405000 FCFA vers un compte Orange Money le 18/08/2026, coincé en « pending » depuis 13 jours. Votre centre d'appel me renvoie vers l'agence, l'agence me renvoie au centre d'appel.",Transaction Mobile Money échouée,transfert bloqué,2026-08-18,resolu,12,courriel,Ebolowa - Bonamoussadi,REC-2026-46083
Mouvement suspect du 18/08/2026 : 3 000 000 F envoyés à un tiers non enregistré dans mes contacts. Aucune opération de ma part ce jour-là.,Erreur de destinataire,transfert vers tiers,2026-08-18,resolu,8,réseaux sociaux,Bamenda - Bastos,REC-2026-52002
On m'a refusé un retrait de 86000 F le 18/08/2026 au motif que « le patron n'est pas là ». C'est inadmissible.,Litige agent Mobile Money,refus de service,2026-08-18,resolu,5,courriel,Bamenda - New-Bell,REC-2026-46644
"Le service est indisponible depuis le 19/08/2026, impossible de faire la moindre opération. J'ai besoin d'accéder à mes 877000 FCFA.",Panne / indisponibilité technique,service indisponible,2026-08-19,en_cours,12,courriel,Maroua - Biyem-Assi,REC-2026-36677
Plantage de l'application mobile le 19/08/2026 au moment de valider 4 000 000 FCFA. Transaction ni confirmée ni annulée.,Panne / indisponibilité technique,appli plantée pendant transaction,2026-08-19,en_cours,12,guichet,Dschang - Nlongkak,REC-2026-90812
"Le virement de 146000 F que j'ai lancé le 19/08/2026 à Edéa n'est jamais parti. Le montant est gelé, je ne peux ni l'utiliser ni le récupérer.",Transaction Mobile Money échouée,transfert bloqué,2026-08-19,resolu,9,centre d'appel,Bamenda - New-Bell,REC-2026-60649
"Le 19/08/2026, une erreur du système a envoyé mes 24000 FCFA vers un numéro que je n'ai jamais saisi. Le bénéficiaire affiché n'est pas celui que j'avais sélectionné.",Erreur de destinataire,mauvais numéro crédité,2026-08-19,en_cours,12,courriel,Bertoua - Nlongkak,REC-2026-86375
un homme avec un gilet de votre société ma pris 56000 le 19/08/2026 en disant quil allait débloquer mon compte. il a disparu,Fraude / hameçonnage,faux agent,2026-08-19,en_cours,12,guichet,Douala - Tsinga,REC-2026-48889
Débits frauduleux du 20/08/2026 totalisant 350000 F. Mon code PIN a manifestement été compromis après un appel suspect.,Fraude / hameçonnage,code PIN compromis,2026-08-20,en_cours,11,agence,Kribi - Bonamoussadi,REC-2026-51319
"Le 20/08/2026, l'agent a refusé mon opération de 165000 FCFA en exigeant que j'achète du crédit téléphonique d'abord.",Litige agent Mobile Money,refus de service,2026-08-20,en_cours,11,guichet,Dschang - Biyem-Assi,REC-2026-80941
"Transfert de 58000 F effectué le 20/08/2026, argent retiré de mon solde, destinataire jamais crédité. J'ai le SMS de confirmation mais rien de l'autre côté.",Transaction Mobile Money échouée,débit sans crédit,2026-08-20,resolu,9,courrier recommandé,Bamenda - Deido,REC-2026-75861
"Code de retrait consommé le 20/08/2026 pour 830000 F, aucune remise d'espèces. L'agent prétend que le réseau a coupé, pourtant mon solde a bien baissé.",Transaction Mobile Money échouée,retrait agent refusé,2026-08-20,en_cours,11,courriel,Bertoua - Bonabéri,REC-2026-93866
"Mon compte a été piraté le 20/08/2026, 164000 F retirés. J'ai reçu un appel se disant du service client qui m'a demandé mon code, j'ai compris trop tard.",Fraude / hameçonnage,code PIN compromis,2026-08-20,en_cours,11,guichet,Kumba - Bastos,REC-2026-67466
Ma carte SIM a été dupliquée et quelqu'un a vidé mon compte de 395000 FCFA le 20/08/2026. Je n'ai jamais perdu mon téléphone.,Fraude / hameçonnage,SIM swap,2026-08-20,en_cours,11,application mobile,Ebolowa - New-Bell,REC-2026-38111
lagent ma fait payer 96000 en plus le 20/08/2026 en disant que cest la commission. cest pas normal,Litige agent Mobile Money,sur-facturation,2026-08-20,resolu,6,réseaux sociaux,Ngaoundéré - Tsinga,REC-2026-93694
On m'a refusé un retrait de 550000 F le 20/08/2026 au motif que « le patron n'est pas là ». C'est inadmissible.,Litige agent Mobile Money,refus de service,2026-08-20,resolu,6,application mobile,Maroua - Tsinga,REC-2026-81954
Depuis le 20/08/2026 impossible d'effectuer la moindre opération. L'agence de Bamenda me dit que le dossier est « en cours de vérification » sans plus de détail.,Compte bloqué / KYC,blocage après contrôle,2026-08-20,en_cours,11,application mobile,Bamenda - Essos,REC-2026-48598
"Le 20/08/2026, l'appli s'est fermée pendant mon transfert de 762000 F. Mon solde a baissé mais aucune trace dans l'historique.",Panne / indisponibilité technique,appli plantée pendant transaction,2026-08-20,resolu,3,centre d'appel,Ebolowa - Makepe,REC-2026-18277
Double prélèvement constaté le 20/08/2026 : 260000 FCFA débités à 14h07 puis à 14h09 pour la même opération. Référence F478230070.,Double débit / débit erroné,double prélèvement,2026-08-20,resolu,6,guichet,Bafoussam - Deido,REC-2026-57723
"L'agent de Akwa m'a réclamé une commission supplémentaire de 315000 FCFA le 21/08/2026, en plus des frais normaux.",Litige agent Mobile Money,sur-facturation,2026-08-21,nouveau,,centre d'appel,Bertoua - Tsinga,REC-2026-39293
"Frais de retrait excessifs constatés le 21/08/2026 au distributeur de Mvog-Mbi : je conteste, le barème n'est pas respecté.",Frais non justifiés,frais de retrait abusifs,2026-08-21,nouveau,,réseaux sociaux,Ngaoundéré - Essos,REC-2026-56412
"Le 21/08/2026, l'appli s'est fermée pendant mon transfert de 34000 F. Mon solde a baissé mais aucune trace dans l'historique.",Panne / indisponibilité technique,appli plantée pendant transaction,2026-08-21,nouveau,,application mobile,Bertoua - Deido,REC-2026-61478
un homme avec un gilet de votre société ma pris 6000 le 21/08/2026 en disant quil allait débloquer mon compte. il a disparu,Fraude / hameçonnage,faux agent,2026-08-21,nouveau,,guichet,Douala - Mokolo,REC-2026-68805
Mon dossier KYC est refusé depuis le 21/08/2026 : la photo de ma CNI serait « illisible » alors qu'elle a été prise en agence de Akwa par votre propre agent.,Compte bloqué / KYC,pièce d'identité rejetée,2026-08-21,nouveau,,USSD,Douala - Mvog-Mbi,REC-2026-62444
"Je suis allé chez l'agent pour un dépôt de 425000 FCFA le 21/08/2026, il a pris l'argent mais mon compte n'a jamais été crédité. Il ne répond plus au téléphone.",Litige agent Mobile Money,agent insolvable,2026-08-21,nouveau,,courriel,Yaoundé - Tsinga,REC-2026-66790
qui est cette personne qui a reçu mes 67000 le 21/08/2026 ? je nai jamais fait ce transfert,Erreur de destinataire,transfert vers tiers,2026-08-21,nouveau,,courriel,Limbe - New-Bell,REC-2026-31113
"Code de retrait consommé le 21/08/2026 pour 73000 F, aucune remise d'espèces. L'agent prétend que le réseau a coupé, pourtant mon solde a bien baissé.",Transaction Mobile Money échouée,retrait agent refusé,2026-08-21,nouveau,,centre d'appel,Ngaoundéré - Tsinga,REC-2026-43151
"Suspension de mon compte le 21/08/2026 après un contrôle interne. Mes fonds, soit 8 000 000 F, sont inaccessibles depuis 10 jours.",Compte bloqué / KYC,blocage après contrôle,2026-08-21,nouveau,,agence,Maroua - Akwa,REC-2026-46447
L'agent Express Union Mobile de Biyem-Assi a encaissé mes 395000 F le 21/08/2026 sans créditer mon compte. Sa boutique est fermée depuis.,Litige agent Mobile Money,agent insolvable,2026-08-21,nouveau,,application mobile,Yaoundé - Nlongkak,REC-2026-94101
Blocage de mon compte le 21/08/2026 sans préavis. On me parle de vérification KYC mais aucun document précis ne m'a été demandé.,Compte bloqué / KYC,blocage après contrôle,2026-08-21,nouveau,,guichet,Kumba - New-Bell,REC-2026-28881
"J'ai déposé ma CNI trois fois depuis le 21/08/2026, à chaque fois le document est refusé sans motif précis.",Compte bloqué / KYC,pièce d'identité rejetée,2026-08-21,nouveau,,réseaux sociaux,Edéa - Biyem-Assi,REC-2026-88906
un homme avec un gilet de votre société ma pris 339000 le 21/08/2026 en disant quil allait débloquer mon compte. il a disparu,Fraude / hameçonnage,faux agent,2026-08-21,nouveau,,application mobile,Limbe - Essos,REC-2026-88070
"Le 21/08/2026, retrait de 365000 FCFA validé par le système, argent non remis par l'agent de Douala. J'ai porté plainte au commissariat mais je veux d'abord une réponse de votre part.",Transaction Mobile Money échouée,retrait agent refusé,2026-08-21,nouveau,,guichet,Yaoundé - New-Bell,REC-2026-53322
lagent a pris mon argent 45000 le 21/08/2026 et na pas fait lopération. maintenant il ne repond plus,Litige agent Mobile Money,agent insolvable,2026-08-21,nouveau,,application mobile,Ngaoundéré - Biyem-Assi,REC-2026-50001
ma cni a été refusée le 21/08/2026 pour une raison que je ne comprends pas. elle est valide pourtant,Compte bloqué / KYC,pièce d'identité rejetée,2026-08-21,nouveau,,réseaux sociaux,Bertoua - Biyem-Assi,REC-2026-81635
"Frais de retrait excessifs constatés le 21/08/2026 au distributeur de Biyem-Assi : je conteste, le barème n'est pas respecté.",Frais non justifiés,frais de retrait abusifs,2026-08-21,nouveau,,courriel,Bamenda - Melen,REC-2026-73381
"Le 21/08/2026 j'ai initié un paiement de 177000 FCFA, la transaction est marquée « réussie » dans l'historique mais le marchand de Tsinga affirme n'avoir rien reçu. Je suis débité pour rien.",Transaction Mobile Money échouée,débit sans crédit,2026-08-21,nouveau,,application mobile,Kribi - Bastos,REC-2026-12060
Blocage d'un transfert de 141000 FCFA depuis le 21/08/2026. On me demande de patienter 72h depuis maintenant deux semaines.,Transaction Mobile Money échouée,transfert bloqué,2026-08-21,nouveau,,centre d'appel,Bamenda - Melen,REC-2026-50707
"Le 21/08/2026, l'agent Campost Mobile de Yaoundé a majoré arbitrairement les frais de mon opération de 746000 FCFA. Le tarif officiel n'était pas respecté.",Litige agent Mobile Money,sur-facturation,2026-08-21,nouveau,,agence,Bertoua - Bonamoussadi,REC-2026-61626
"Retrait de 215000 F refusé le 22/08/2026 alors que la transaction est passée de mon côté. L'agent m'a dit de revenir demain, je suis revenu trois fois.",Transaction Mobile Money échouée,retrait agent refusé,2026-08-22,nouveau,,agence,Garoua - Mvog-Mbi,REC-2026-49976
"Je suis allé chez l'agent pour un dépôt de 5 000 000 FCFA le 22/08/2026, il a pris l'argent mais mon compte n'a jamais été crédité. Il ne répond plus au téléphone.",Litige agent Mobile Money,agent insolvable,2026-08-22,nouveau,,agence,Limbe - Nlongkak,REC-2026-31635
Je constate un prélèvement mensuel de 692000 F depuis le 22/08/2026 dont personne ne m'a jamais parlé à l'ouverture du compte.,Frais non justifiés,frais cachés,2026-08-22,nouveau,,réseaux sociaux,Buea - Bonabéri,REC-2026-74714
Blocage d'un transfert de 220000 FCFA depuis le 22/08/2026. On me demande de patienter 72h depuis maintenant deux semaines.,Transaction Mobile Money échouée,transfert bloqué,2026-08-22,nouveau,,application mobile,Bafoussam - Bastos,REC-2026-19955
"J'ai déposé ma CNI trois fois depuis le 22/08/2026, à chaque fois le document est refusé sans motif précis.",Compte bloqué / KYC,pièce d'identité rejetée,2026-08-22,nouveau,,agence,Edéa - Makepe,REC-2026-54267
"Depuis le 22/08/2026, Campost Mobile prélève 16000 FCFA chaque mois au titre de « frais de service ». Je n'ai jamais souscrit à ce service.",Frais non justifiés,frais cachés,2026-08-22,nouveau,,courriel,Yaoundé - Biyem-Assi,REC-2026-85314
"Le virement de 264000 F que j'ai lancé le 22/08/2026 à Limbe n'est jamais parti. Le montant est gelé, je ne peux ni l'utiliser ni le récupérer.",Transaction Mobile Money échouée,transfert bloqué,2026-08-22,nouveau,,application mobile,Garoua - Bonamoussadi,REC-2026-30927
lagent du quartier Akwa a refusé mon retrait de 600000 le 22/08/2026 apres avoir validé le code. mon argent est parti et je nai rien en main,Transaction Mobile Money échouée,retrait agent refusé,2026-08-22,nouveau,,agence,Ebolowa - Nlongkak,REC-2026-83664
L'agent MTN MoMo de Biyem-Assi a refusé de me servir le 22/08/2026 sous prétexte que le montant de 429000 FCFA était trop faible.,Litige agent Mobile Money,refus de service,2026-08-22,nouveau,,réseaux sociaux,Dschang - Mvog-Mbi,REC-2026-16494
"Le montant débité le 22/08/2026 ne correspond pas à ma transaction : j'avais saisi 270000 F, mon relevé en indique davantage.",Double débit / débit erroné,montant incorrect,2026-08-22,nouveau,,guichet,Yaoundé - Bastos,REC-2026-92605
Blocage d'un transfert de 227000 FCFA depuis le 22/08/2026. On me demande de patienter 72h depuis maintenant deux semaines.,Transaction Mobile Money échouée,transfert bloqué,2026-08-22,nouveau,,centre d'appel,Garoua - Mvog-Mbi,REC-2026-70295
"Le 22/08/2026, des opérations frauduleuses pour 39000 FCFA ont été passées avec mon code secret. Je demande le blocage immédiat et le remboursement.",Fraude / hameçonnage,code PIN compromis,2026-08-22,nouveau,,centre d'appel,Kribi - Akwa,REC-2026-31736
Mon compte est bloqué depuis le 22/08/2026 suite à un contrôle. Je ne peux plus accéder à mes 136000 FCFA et personne ne m'explique pourquoi.,Compte bloqué / KYC,blocage après contrôle,2026-08-22,nouveau,,guichet,Ngaoundéré - Makepe,REC-2026-78306
"Commission illégale de 83000 F prélevée en espèces par l'agent le 22/08/2026, sans reçu.",Litige agent Mobile Money,sur-facturation,2026-08-22,nouveau,,réseaux sociaux,Edéa - New-Bell,REC-2026-83679
retrait de 89000 le 22/08/2026 et les frais sont trop élevés par rapport a ce qui est marqué sur laffiche de lagence,Frais non justifiés,frais de retrait abusifs,2026-08-22,nouveau,,réseaux sociaux,Ebolowa - Bonabéri,REC-2026-16801
"Le 23/08/2026, ma ligne a cessé de fonctionner et dans la foulée 431000 F ont disparu de mon compte Orange Money. On a clairement refait ma SIM à mon insu.",Fraude / hameçonnage,SIM swap,2026-08-23,nouveau,,guichet,Ngaoundéré - Deido,REC-2026-78253
"Le 23/08/2026, l'agent Express Union Mobile de Ngaoundéré a majoré arbitrairement les frais de mon opération de 6 000 000 FCFA. Le tarif officiel n'était pas respecté.",Litige agent Mobile Money,sur-facturation,2026-08-23,nouveau,,réseaux sociaux,Limbe - New-Bell,REC-2026-23016
"Le 23/08/2026, l'agent Campost Mobile de Yaoundé a majoré arbitrairement les frais de mon opération de 427000 FCFA. Le tarif officiel n'était pas respecté.",Litige agent Mobile Money,sur-facturation,2026-08-23,nouveau,,courriel,Bafoussam - New-Bell,REC-2026-17499
"Le montant débité le 23/08/2026 ne correspond pas à ma transaction : j'avais saisi 851000 F, mon relevé en indique davantage.",Double débit / débit erroné,montant incorrect,2026-08-23,nouveau,,courrier recommandé,Douala - Melen,REC-2026-24724
"Le 23/08/2026, une personne se présentant comme votre agent m'a fait valider une opération de 354000 F. C'était une arnaque.",Fraude / hameçonnage,faux agent,2026-08-23,nouveau,,réseaux sociaux,Garoua - New-Bell,REC-2026-32098
lagent ma fait payer 583000 en plus le 23/08/2026 en disant que cest la commission. cest pas normal,Litige agent Mobile Money,sur-facturation,2026-08-23,nouveau,,réseaux sociaux,Douala - Makepe,REC-2026-54141
Mouvement suspect du 23/08/2026 : 16000 F envoyés à un tiers non enregistré dans mes contacts. Aucune opération de ma part ce jour-là.,Erreur de destinataire,transfert vers tiers,2026-08-23,nouveau,,courrier recommandé,Ngaoundéré - Tsinga,REC-2026-72595
"Je me suis présenté chez l'agent Express Union Mobile de Bonamoussadi à Buea le 23/08/2026 pour retirer 3 000 000 FCFA. Le code de retrait a été validé, mon compte débité, mais l'agent a refusé de me donner l'argent en disant qu'il n'a pas de liquidité.",Transaction Mobile Money échouée,retrait agent refusé,2026-08-23,nouveau,,courriel,Douala - Mokolo,REC-2026-49165
lapplication a bugé le 23/08/2026 pendant que jenvoyais 79000. maintenant je sais pas ou est mon argent,Panne / indisponibilité technique,appli plantée pendant transaction,2026-08-23,nouveau,,courriel,Yaoundé - Mvog-Mbi,REC-2026-31180
"Le 23/08/2026, une personne se présentant comme votre agent m'a fait valider une opération de 6 000 000 F. C'était une arnaque.",Fraude / hameçonnage,faux agent,2026-08-23,nouveau,,USSD,Kumba - Bastos,REC-2026-93202
"Le 23/08/2026 j'ai envoyé 647000 F à mon fournisseur de Kribi, la somme est arrivée chez un inconnu. Référence H745739574.",Erreur de destinataire,mauvais numéro crédité,2026-08-23,nouveau,,réseaux sociaux,Kumba - Mvog-Mbi,REC-2026-92540
"Impossible de me connecter depuis le 23/08/2026. Le serveur renvoie une erreur à chaque essai, y compris en agence.",Panne / indisponibilité technique,service indisponible,2026-08-23,nouveau,,centre d'appel,Limbe - Deido,REC-2026-66952
"Le 23/08/2026 j'ai initié un paiement de 603000 FCFA, la transaction est marquée « réussie » dans l'historique mais le marchand de Bonabéri affirme n'avoir rien reçu. Je suis débité pour rien.",Transaction Mobile Money échouée,débit sans crédit,2026-08-23,nouveau,,guichet,Buea - Mokolo,REC-2026-88408
"Le 23/08/2026, l'agent MTN MoMo de Bertoua a majoré arbitrairement les frais de mon opération de 8 000 000 FCFA. Le tarif officiel n'était pas respecté.",Litige agent Mobile Money,sur-facturation,2026-08-23,nouveau,,USSD,Kribi - Tsinga,REC-2026-67991
"Le 23/08/2026, une personne se présentant comme votre agent m'a fait valider une opération de 55000 F. C'était une arnaque.",Fraude / hameçonnage,faux agent,2026-08-23,nouveau,,USSD,Bertoua - Melen,REC-2026-70582
Mon transfert de 837000 F du 23/08/2026 est parti sur un mauvais numéro. J'avais pourtant choisi le contact enregistré dans mon répertoire.,Erreur de destinataire,mauvais numéro crédité,2026-08-23,nouveau,,application mobile,Kumba - New-Bell,REC-2026-33363
un homme avec un gilet de votre société ma pris 107000 le 24/08/2026 en disant quil allait débloquer mon compte. il a disparu,Fraude / hameçonnage,faux agent,2026-08-24,nouveau,,centre d'appel,Limbe - Makepe,REC-2026-48001
"Le virement de 819000 F que j'ai lancé le 24/08/2026 à Yaoundé n'est jamais parti. Le montant est gelé, je ne peux ni l'utiliser ni le récupérer.",Transaction Mobile Money échouée,transfert bloqué,2026-08-24,nouveau,,centre d'appel,Kribi - Melen,REC-2026-61564
lagent a refusé de me servir le 24/08/2026 sans donner de raison. jai fait 12 km pour rien,Litige agent Mobile Money,refus de service,2026-08-24,nouveau,,courriel,Ngaoundéré - Deido,REC-2026-41543
erreur de montant sur lopération du 24/08/2026. jai tapé 100000 et vous avez prélevé plus. corrigez svp,Double débit / débit erroné,montant incorrect,2026-08-24,nouveau,,réseaux sociaux,Ebolowa - Tsinga,REC-2026-29118
lagent ma fait payer 61000 en plus le 24/08/2026 en disant que cest la commission. cest pas normal,Litige agent Mobile Money,sur-facturation,2026-08-24,nouveau,,réseaux sociaux,Garoua - Bonabéri,REC-2026-23414
J'ai été victime d'un individu se faisant passer pour un employé de BICEC le 24/08/2026. Préjudice : 4 000 000 F.,Fraude / hameçonnage,faux agent,2026-08-24,nouveau,,application mobile,Bamenda - Bonamoussadi,REC-2026-38928
"Le 24/08/2026 j'ai envoyé 129000 F à mon fournisseur de Douala, la somme est arrivée chez un inconnu. Référence B403739624.",Erreur de destinataire,mauvais numéro crédité,2026-08-24,nouveau,,courriel,Dschang - New-Bell,REC-2026-21702
"Transfert non autorisé vers un tiers le 24/08/2026, montant 97000 F. Je n'ai donné aucune instruction en ce sens.",Erreur de destinataire,transfert vers tiers,2026-08-24,nouveau,,agence,Ebolowa - Essos,REC-2026-32401
Un faux agent MTN MoMo m'a abordé au marché de Mvog-Mbi le 24/08/2026 et m'a soutiré 1 000 000 FCFA en prétendant régulariser mon compte.,Fraude / hameçonnage,faux agent,2026-08-24,nouveau,,USSD,Bertoua - Nlongkak,REC-2026-69114
"Un seul virement de 521000 FCFA effectué le 24/08/2026, mais DEUX débits identiques apparaissent sur mon relevé. Je demande le remboursement du second.",Double débit / débit erroné,double prélèvement,2026-08-24,nouveau,,guichet,Limbe - Bonabéri,REC-2026-48091
"Le 24/08/2026, l'appli s'est fermée pendant mon transfert de 760000 F. Mon solde a baissé mais aucune trace dans l'historique.",Panne / indisponibilité technique,appli plantée pendant transaction,2026-08-24,nouveau,,réseaux sociaux,Kumba - Bonabéri,REC-2026-24284
"on a volé 75000 sur mon compte le 24/08/2026. jai reçu un sms bizarre avant, je pense que cest un piratage",Fraude / hameçonnage,code PIN compromis,2026-08-24,nouveau,,application mobile,Bamenda - Deido,REC-2026-26231
"Le 24/08/2026, une personne se présentant comme votre agent m'a fait valider une opération de 39000 F. C'était une arnaque.",Fraude / hameçonnage,faux agent,2026-08-24,nouveau,,courriel,Buea - Mokolo,REC-2026-46364
"Envoi de 6 000 000 FCFA vers un compte Express Union Mobile le 25/08/2026, coincé en « pending » depuis 6 jours. Votre centre d'appel me renvoie vers l'agence, l'agence me renvoie au centre d'appel.",Transaction Mobile Money échouée,transfert bloqué,2026-08-25,nouveau,,courriel,Yaoundé - Tsinga,REC-2026-76470
"J'ai autorisé un paiement de 4 000 000 FCFA le 25/08/2026, mais c'est un montant bien supérieur qui a été débité. L'écart est inexpliqué.",Double débit / débit erroné,montant incorrect,2026-08-25,nouveau,,USSD,Kumba - Bonabéri,REC-2026-87257
lagent ma fait payer 440000 en plus le 25/08/2026 en disant que cest la commission. cest pas normal,Litige agent Mobile Money,sur-facturation,2026-08-25,nouveau,,application mobile,Bertoua - Makepe,REC-2026-11234
"Compte gelé le 25/08/2026 pour cause de conformité. Je suis client depuis huit ans, aucune explication ne m'a été fournie.",Compte bloqué / KYC,blocage après contrôle,2026-08-25,nouveau,,agence,Dschang - Makepe,REC-2026-40816
"Le 25/08/2026, l'agent YUP de Yaoundé a majoré arbitrairement les frais de mon opération de 43000 FCFA. Le tarif officiel n'était pas respecté.",Litige agent Mobile Money,sur-facturation,2026-08-25,nouveau,,application mobile,Buea - Mokolo,REC-2026-30817
"Suspension de mon compte le 25/08/2026 après un contrôle interne. Mes fonds, soit 180000 F, sont inaccessibles depuis 6 jours.",Compte bloqué / KYC,blocage après contrôle,2026-08-25,nouveau,,courrier recommandé,Yaoundé - Bonamoussadi,REC-2026-28266
"Transfert de 5 000 000 F effectué le 25/08/2026, argent retiré de mon solde, destinataire jamais crédité. J'ai le SMS de confirmation mais rien de l'autre côté.",Transaction Mobile Money échouée,débit sans crédit,2026-08-25,nouveau,,courriel,Bafoussam - Melen,REC-2026-70909
On m'a refusé un retrait de 71000 F le 25/08/2026 au motif que « le patron n'est pas là ». C'est inadmissible.,Litige agent Mobile Money,refus de service,2026-08-25,nouveau,,réseaux sociaux,Douala - Mvog-Mbi,REC-2026-44276
erreur de montant sur lopération du 26/08/2026. jai tapé 8 000 000 et vous avez prélevé plus. corrigez svp,Double débit / débit erroné,montant incorrect,2026-08-26,nouveau,,guichet,Garoua - Tsinga,REC-2026-73239
"Suspension de mon compte le 26/08/2026 après un contrôle interne. Mes fonds, soit 821000 F, sont inaccessibles depuis 5 jours.",Compte bloqué / KYC,blocage après contrôle,2026-08-26,nouveau,,guichet,Bafoussam - Mvog-Mbi,REC-2026-56804
"Le 26/08/2026, l'agent a reçu 45000 F en espèces de ma part et n'a jamais validé la transaction. Je demande votre intervention.",Litige agent Mobile Money,agent insolvable,2026-08-26,nouveau,,centre d'appel,Buea - Bonabéri,REC-2026-69827
"Dépôt de 276000 FCFA remis à l'agent de Limbe le 26/08/2026, jamais porté sur mon compte. L'agent affirme ne plus avoir de fonds.",Litige agent Mobile Money,agent insolvable,2026-08-26,nouveau,,réseaux sociaux,Yaoundé - Tsinga,REC-2026-85650
Escroquerie par faux agent le 26/08/2026 à Bamenda : 33000 FCFA perdus. Il avait un badge et connaissait mon nom.,Fraude / hameçonnage,faux agent,2026-08-26,nouveau,,USSD,Dschang - Bonabéri,REC-2026-53065
"J'ai autorisé un paiement de 8 000 000 FCFA le 26/08/2026, mais c'est un montant bien supérieur qui a été débité. L'écart est inexpliqué.",Double débit / débit erroné,montant incorrect,2026-08-26,nouveau,,application mobile,Buea - Nlongkak,REC-2026-29884
"je narrive pas a finaliser mon envoi de 636000 f depuis le 26/08/2026, ca reste en traitement et mon solde est bloqué",Transaction Mobile Money échouée,transfert bloqué,2026-08-26,nouveau,,guichet,Ebolowa - Bonabéri,REC-2026-29879
Mon compte est bloqué depuis le 26/08/2026 suite à un contrôle. Je ne peux plus accéder à mes 29000 FCFA et personne ne m'explique pourquoi.,Compte bloqué / KYC,blocage après contrôle,2026-08-26,nouveau,,guichet,Ebolowa - Mvog-Mbi,REC-2026-14216
"Le service est indisponible depuis le 26/08/2026, impossible de faire la moindre opération. J'ai besoin d'accéder à mes 170000 FCFA.",Panne / indisponibilité technique,service indisponible,2026-08-26,nouveau,,agence,Buea - Bastos,REC-2026-61623
bonjour jai fait un depot de 488000 sur mon compte MTN MoMo le 26/08/2026 et jusqua present rien nest arrivé. mon solde a diminué pourtant.,Transaction Mobile Money échouée,débit sans crédit,2026-08-26,nouveau,,application mobile,Limbe - Tsinga,REC-2026-76848
"Mon achat du 26/08/2026 chez le commerçant de Melen m'a été facturé deux fois, soit 192000 F en trop. La caissière confirme n'avoir encaissé qu'une seule fois.",Double débit / débit erroné,double prélèvement,2026-08-26,nouveau,,courrier recommandé,Douala - Akwa,REC-2026-29488
"Dépôt de 86000 FCFA remis à l'agent de Douala le 26/08/2026, jamais porté sur mon compte. L'agent affirme ne plus avoir de fonds.",Litige agent Mobile Money,agent insolvable,2026-08-26,nouveau,,application mobile,Limbe - Bonabéri,REC-2026-23890
Mon dossier KYC est refusé depuis le 26/08/2026 : la photo de ma CNI serait « illisible » alors qu'elle a été prise en agence de Essos par votre propre agent.,Compte bloqué / KYC,pièce d'identité rejetée,2026-08-26,nouveau,,courriel,Ebolowa - Bastos,REC-2026-45530
"Commission inconnue de 385000 F débitée le 26/08/2026. Aucune notification préalable, aucun affichage en agence de Bertoua.",Frais non justifiés,frais cachés,2026-08-26,nouveau,,agence,Ebolowa - Makepe,REC-2026-25978
lagent a refusé de me servir le 26/08/2026 sans donner de raison. jai fait 12 km pour rien,Litige agent Mobile Money,refus de service,2026-08-26,nouveau,,guichet,Edéa - Mvog-Mbi,REC-2026-97744
"Le 26/08/2026, une erreur du système a envoyé mes 602000 FCFA vers un numéro que je n'ai jamais saisi. Le bénéficiaire affiché n'est pas celui que j'avais sélectionné.",Erreur de destinataire,mauvais numéro crédité,2026-08-26,nouveau,,USSD,Ngaoundéré - Bonabéri,REC-2026-97909
"Retrait de 4 000 000 F refusé le 26/08/2026 alors que la transaction est passée de mon côté. L'agent m'a dit de revenir demain, je suis revenu trois fois.",Transaction Mobile Money échouée,retrait agent refusé,2026-08-26,nouveau,,centre d'appel,Bamenda - New-Bell,REC-2026-45955
"Depuis le 26/08/2026, YUP prélève 56000 FCFA chaque mois au titre de « frais de service ». Je n'ai jamais souscrit à ce service.",Frais non justifiés,frais cachés,2026-08-26,nouveau,,USSD,Kumba - Mvog-Mbi,REC-2026-42431
"Ma facture s'élevait à 4 000 000 F, le prélèvement du 27/08/2026 est supérieur. Je conteste formellement cet écart.",Double débit / débit erroné,montant incorrect,2026-08-27,nouveau,,USSD,Bertoua - Nlongkak,REC-2026-37137
"Frais de retrait excessifs constatés le 27/08/2026 au distributeur de Mvog-Mbi : je conteste, le barème n'est pas respecté.",Frais non justifiés,frais de retrait abusifs,2026-08-27,nouveau,,guichet,Kribi - Mvog-Mbi,REC-2026-37234
"Un seul virement de 135000 FCFA effectué le 27/08/2026, mais DEUX débits identiques apparaissent sur mon relevé. Je demande le remboursement du second.",Double débit / débit erroné,double prélèvement,2026-08-27,nouveau,,centre d'appel,Bamenda - Deido,REC-2026-72708
Vous m'avez facturé des frais disproportionnés pour un simple retrait de 348000 FCFA effectué le 27/08/2026. Merci de justifier ce calcul.,Frais non justifiés,frais de retrait abusifs,2026-08-27,nouveau,,centre d'appel,Bertoua - New-Bell,REC-2026-30543
Refus de service le 27/08/2026 à l'agence de Yaoundé : on m'a dit que je devais avoir un compte chez eux pour retirer mes 26000 F.,Litige agent Mobile Money,refus de service,2026-08-27,nouveau,,USSD,Limbe - Melen,REC-2026-87955
"Transaction G580633997 initiée le 27/08/2026 : toujours en attente. Impossible de l'annuler dans l'application, impossible de récupérer les 6 000 000 F.",Transaction Mobile Money échouée,transfert bloqué,2026-08-27,nouveau,,courriel,Kumba - Bonabéri,REC-2026-57547
lagent a refusé de me servir le 27/08/2026 sans donner de raison. jai fait 12 km pour rien,Litige agent Mobile Money,refus de service,2026-08-27,nouveau,,réseaux sociaux,Dschang - Nlongkak,REC-2026-34982
Ma pièce d'identité a été rejetée le 27/08/2026 alors que ma CNI est parfaitement valide jusqu'en 2029. Mon compte reste inaccessible.,Compte bloqué / KYC,pièce d'identité rejetée,2026-08-27,nouveau,,guichet,Bamenda - Mokolo,REC-2026-48701
"votre systeme est en panne depuis le 27/08/2026, je narrive pas a acceder a mon compte. ca fait 4 jours",Panne / indisponibilité technique,service indisponible,2026-08-27,nouveau,,centre d'appel,Bamenda - Bonabéri,REC-2026-16300
"Commission inconnue de 3 000 000 F débitée le 27/08/2026. Aucune notification préalable, aucun affichage en agence de Douala.",Frais non justifiés,frais cachés,2026-08-27,nouveau,,courrier recommandé,Garoua - New-Bell,REC-2026-23353
"Le 27/08/2026, retrait de 65000 FCFA validé par le système, argent non remis par l'agent de Maroua. J'ai porté plainte au commissariat mais je veux d'abord une réponse de votre part.",Transaction Mobile Money échouée,retrait agent refusé,2026-08-27,nouveau,,courrier recommandé,Edéa - Biyem-Assi,REC-2026-46507
"Transfert de 443000 F effectué le 27/08/2026, argent retiré de mon solde, destinataire jamais crédité. J'ai le SMS de confirmation mais rien de l'autre côté.",Transaction Mobile Money échouée,débit sans crédit,2026-08-27,nouveau,,centre d'appel,Dschang - Bonamoussadi,REC-2026-31254
L'agent Orange Money de Nlongkak a encaissé mes 526000 F le 27/08/2026 sans créditer mon compte. Sa boutique est fermée depuis.,Litige agent Mobile Money,agent insolvable,2026-08-27,nouveau,,USSD,Bamenda - Akwa,REC-2026-68375
Une somme de 233000 FCFA a quitté mon compte le 27/08/2026 au profit d'un tiers que je ne connais pas et que je n'ai jamais autorisé.,Erreur de destinataire,transfert vers tiers,2026-08-27,nouveau,,agence,Ebolowa - Tsinga,REC-2026-21095
cest quoi ces frais de 34000 le 27/08/2026 ? on ne ma jamais informé de ca a la signature,Frais non justifiés,frais cachés,2026-08-27,nouveau,,courrier recommandé,Limbe - Akwa,REC-2026-40950
"L'appli s'est bloquée le 27/08/2026 après la saisie du code, pour un montant de 76000 F. Depuis, statut incohérent.",Panne / indisponibilité technique,appli plantée pendant transaction,2026-08-27,nouveau,,courriel,Bamenda - Bastos,REC-2026-17241
Quelqu'un a réussi à faire des transactions sur mon compte sans mon accord pour un total de 5 000 000 FCFA le 27/08/2026. Je n'ai communiqué mon code à personne.,Fraude / hameçonnage,code PIN compromis,2026-08-27,nouveau,,courrier recommandé,Buea - Makepe,REC-2026-83565
ma cni a été refusée le 27/08/2026 pour une raison que je ne comprends pas. elle est valide pourtant,Compte bloqué / KYC,pièce d'identité rejetée,2026-08-27,nouveau,,courriel,Douala - Deido,REC-2026-37359
"Transfert non autorisé vers un tiers le 27/08/2026, montant 69000 F. Je n'ai donné aucune instruction en ce sens.",Erreur de destinataire,transfert vers tiers,2026-08-27,nouveau,,centre d'appel,Ngaoundéré - Bonamoussadi,REC-2026-91214
"Suspension de mon compte le 28/08/2026 après un contrôle interne. Mes fonds, soit 5 000 000 F, sont inaccessibles depuis 3 jours.",Compte bloqué / KYC,blocage après contrôle,2026-08-28,nouveau,,agence,Maroua - Essos,REC-2026-87074
"Transfert non autorisé vers un tiers le 28/08/2026, montant 190000 F. Je n'ai donné aucune instruction en ce sens.",Erreur de destinataire,transfert vers tiers,2026-08-28,nouveau,,USSD,Kumba - Bastos,REC-2026-15125
"J'ai déposé ma CNI trois fois depuis le 28/08/2026, à chaque fois le document est refusé sans motif précis.",Compte bloqué / KYC,pièce d'identité rejetée,2026-08-28,nouveau,,USSD,Edéa - Akwa,REC-2026-61674
Refus de service le 28/08/2026 à l'agence de Yaoundé : on m'a dit que je devais avoir un compte chez eux pour retirer mes 275000 F.,Litige agent Mobile Money,refus de service,2026-08-28,nouveau,,courriel,Bafoussam - New-Bell,REC-2026-40432
"L'appli s'est bloquée le 28/08/2026 après la saisie du code, pour un montant de 14000 F. Depuis, statut incohérent.",Panne / indisponibilité technique,appli plantée pendant transaction,2026-08-28,nouveau,,agence,Kribi - Makepe,REC-2026-85656
"Le 28/08/2026 j'ai envoyé 2 000 000 F à mon fournisseur de Bafoussam, la somme est arrivée chez un inconnu. Référence D507821084.",Erreur de destinataire,mauvais numéro crédité,2026-08-28,nouveau,,centre d'appel,Douala - Makepe,REC-2026-79842
"Le 28/08/2026, l'appli s'est fermée pendant mon transfert de 225000 F. Mon solde a baissé mais aucune trace dans l'historique.",Panne / indisponibilité technique,appli plantée pendant transaction,2026-08-28,nouveau,,courriel,Bertoua - Biyem-Assi,REC-2026-43377
"Le 28/08/2026, retrait de 477000 FCFA validé par le système, argent non remis par l'agent de Edéa. J'ai porté plainte au commissariat mais je veux d'abord une réponse de votre part.",Transaction Mobile Money échouée,retrait agent refusé,2026-08-28,nouveau,,guichet,Bertoua - Bonamoussadi,REC-2026-77627
on a changé ma sim sans mon accord et pris 215000 le 28/08/2026. ma ligne était morte pendant deux heures,Fraude / hameçonnage,SIM swap,2026-08-28,nouveau,,USSD,Ebolowa - Mokolo,REC-2026-71625
"je narrive pas a finaliser mon envoi de 392000 f depuis le 28/08/2026, ca reste en traitement et mon solde est bloqué",Transaction Mobile Money échouée,transfert bloqué,2026-08-28,nouveau,,réseaux sociaux,Bertoua - Nlongkak,REC-2026-67361
Un faux agent MTN MoMo m'a abordé au marché de Melen le 28/08/2026 et m'a soutiré 95000 FCFA en prétendant régulariser mon compte.,Fraude / hameçonnage,faux agent,2026-08-28,nouveau,,agence,Garoua - Mokolo,REC-2026-60444
Blocage d'un transfert de 708000 FCFA depuis le 28/08/2026. On me demande de patienter 72h depuis maintenant deux semaines.,Transaction Mobile Money échouée,transfert bloqué,2026-08-28,nouveau,,agence,Buea - Bonamoussadi,REC-2026-58084
Ma carte SIM a été dupliquée et quelqu'un a vidé mon compte de 46000 FCFA le 28/08/2026. Je n'ai jamais perdu mon téléphone.,Fraude / hameçonnage,SIM swap,2026-08-28,nouveau,,courriel,Kribi - Bastos,REC-2026-26073
lagent ma fait payer 430000 en plus le 28/08/2026 en disant que cest la commission. cest pas normal,Litige agent Mobile Money,sur-facturation,2026-08-28,nouveau,,USSD,Bertoua - Bonabéri,REC-2026-63043
J'ai envoyé 5 000 000 FCFA depuis mon compte Orange Money le 28/08/2026 vers le numéro de mon frère à Edéa. Mon compte a été débité mais il n'a jamais rien reçu. Cela fait plusieurs jours et personne ne me répond.,Transaction Mobile Money échouée,débit sans crédit,2026-08-28,nouveau,,centre d'appel,Bertoua - Tsinga,REC-2026-67337
retrait de 5 000 000 le 28/08/2026 et les frais sont trop élevés par rapport a ce qui est marqué sur laffiche de lagence,Frais non justifiés,frais de retrait abusifs,2026-08-28,nouveau,,application mobile,Bafoussam - New-Bell,REC-2026-12883
"Rejet de mes justificatifs d'identité le 28/08/2026. On m'a demandé un récépissé, je l'ai fourni, il a également été rejeté.",Compte bloqué / KYC,pièce d'identité rejetée,2026-08-28,nouveau,,centre d'appel,Yaoundé - Essos,REC-2026-11035
"Mon transfert de 65000 FCFA du 28/08/2026 est resté bloqué au statut « en cours » depuis. Ni annulé, ni abouti, et l'argent n'est plus disponible sur mon compte.",Transaction Mobile Money échouée,transfert bloqué,2026-08-28,nouveau,,agence,Bertoua - Bastos,REC-2026-41420
Les frais de retrait appliqués le 28/08/2026 sur mes 2 000 000 F sont abusifs. Le tarif public annonce un autre montant.,Frais non justifiés,frais de retrait abusifs,2026-08-28,nouveau,,application mobile,Kumba - Bonabéri,REC-2026-59375
"Le 28/08/2026, 155000 FCFA ont été transférés depuis mon compte vers un bénéficiaire inconnu de moi. Je demande une enquête et la restitution.",Erreur de destinataire,transfert vers tiers,2026-08-28,nouveau,,guichet,Yaoundé - Mvog-Mbi,REC-2026-17193
on a changé ma sim sans mon accord et pris 844000 le 28/08/2026. ma ligne était morte pendant deux heures,Fraude / hameçonnage,SIM swap,2026-08-28,nouveau,,courriel,Kribi - Akwa,REC-2026-17896
Un faux agent YUP m'a abordé au marché de Mokolo le 28/08/2026 et m'a soutiré 92000 FCFA en prétendant régulariser mon compte.,Fraude / hameçonnage,faux agent,2026-08-28,nouveau,,application mobile,Edéa - Biyem-Assi,REC-2026-41570
"Envoi de 6 000 000 FCFA vers un compte Express Union Mobile le 29/08/2026, coincé en « pending » depuis 2 jours. Votre centre d'appel me renvoie vers l'agence, l'agence me renvoie au centre d'appel.",Transaction Mobile Money échouée,transfert bloqué,2026-08-29,nouveau,,application mobile,Garoua - Essos,REC-2026-73616
Plantage de l'application mobile le 29/08/2026 au moment de valider 390000 FCFA. Transaction ni confirmée ni annulée.,Panne / indisponibilité technique,appli plantée pendant transaction,2026-08-29,nouveau,,courriel,Bertoua - Melen,REC-2026-15448
lagent a refusé de me servir le 29/08/2026 sans donner de raison. jai fait 12 km pour rien,Litige agent Mobile Money,refus de service,2026-08-29,nouveau,,courrier recommandé,Buea - Biyem-Assi,REC-2026-79520
"Je souhaite obtenir un relevé de compte détaillé pour la période de janvier à juin, à envoyer à mon adresse à Kribi.",Autre / non catégorisé,,2026-08-29,nouveau,,courriel,Yaoundé - Mvog-Mbi,REC-2026-36647
DEUX DEBITS DE 7 000 000 POUR UNE SEULE TRANSACTION LE 29/08/2026. JE VEUX LE REMBOURSEMENT IMMEDIAT.,Double débit / débit erroné,double prélèvement,2026-08-29,nouveau,,centre d'appel,Ebolowa - New-Bell,REC-2026-73247
"On m'a prélevé 6 000 000 F deux fois pour le même paiement de facture le 29/08/2026 à Douala. C'est une erreur de votre système, merci de corriger.",Double débit / débit erroné,double prélèvement,2026-08-29,nouveau,,USSD,Kribi - New-Bell,REC-2026-82270
"Le 29/08/2026, ma cotisation de 6 000 000 FCFA a été prélevée en double. Je l'avais déjà signalé le mois dernier, le problème se répète.",Double débit / débit erroné,double prélèvement,2026-08-29,nouveau,,centre d'appel,Edéa - Bonamoussadi,REC-2026-80744
Ma carte SIM a été dupliquée et quelqu'un a vidé mon compte de 789000 FCFA le 29/08/2026. Je n'ai jamais perdu mon téléphone.,Fraude / hameçonnage,SIM swap,2026-08-29,nouveau,,application mobile,Dschang - Makepe,REC-2026-84849
"Frais de retrait excessifs constatés le 29/08/2026 au distributeur de Essos : je conteste, le barème n'est pas respecté.",Frais non justifiés,frais de retrait abusifs,2026-08-29,nouveau,,réseaux sociaux,Maroua - Biyem-Assi,REC-2026-38599
qui est cette personne qui a reçu mes 3 000 000 le 29/08/2026 ? je nai jamais fait ce transfert,Erreur de destinataire,transfert vers tiers,2026-08-29,nouveau,,courrier recommandé,Ngaoundéré - Mvog-Mbi,REC-2026-22061
"Ma facture s'élevait à 1 000 000 F, le prélèvement du 29/08/2026 est supérieur. Je conteste formellement cet écart.",Double débit / débit erroné,montant incorrect,2026-08-29,nouveau,,guichet,Ebolowa - Essos,REC-2026-38675
Comment faire pour ajouter un bénéficiaire à mon compte ? L'application ne me le propose pas.,Autre / non catégorisé,,2026-08-29,nouveau,,courriel,Bafoussam - Bastos,REC-2026-23385
"Merci de mettre à jour mon numéro de téléphone dans vos fichiers, l'ancien n'est plus actif.",Autre / non catégorisé,,2026-08-30,nouveau,,centre d'appel,Maroua - Makepe,REC-2026-15935
"Transfert de 324000 F effectué le 30/08/2026, argent retiré de mon solde, destinataire jamais crédité. J'ai le SMS de confirmation mais rien de l'autre côté.",Transaction Mobile Money échouée,débit sans crédit,2026-08-30,nouveau,,centre d'appel,Edéa - Mvog-Mbi,REC-2026-58817
lagent ma fait payer 94000 en plus le 30/08/2026 en disant que cest la commission. cest pas normal,Litige agent Mobile Money,sur-facturation,2026-08-30,nouveau,,agence,Edéa - Essos,REC-2026-29998
lapplication a bugé le 30/08/2026 pendant que jenvoyais 40000. maintenant je sais pas ou est mon argent,Panne / indisponibilité technique,appli plantée pendant transaction,2026-08-30,nouveau,,USSD,Kribi - Makepe,REC-2026-41925
L'agent Campost Mobile de Bastos a refusé de me servir le 30/08/2026 sous prétexte que le montant de 266000 FCFA était trop faible.,Litige agent Mobile Money,refus de service,2026-08-30,nouveau,,courriel,Maroua - Bastos,REC-2026-92102
"Les horaires affichés à l'agence de Dschang ne correspondent pas à la réalité, j'ai trouvé porte close le 30/08/2026.",Autre / non catégorisé,,2026-08-30,nouveau,,agence,Dschang - Deido,REC-2026-53869
"Transaction A589592999 initiée le 30/08/2026 : toujours en attente. Impossible de l'annuler dans l'application, impossible de récupérer les 320000 F.",Transaction Mobile Money échouée,transfert bloqué,2026-08-30,nouveau,,application mobile,Buea - Bonabéri,REC-2026-46391
"je narrive pas a finaliser mon envoi de 391000 f depuis le 30/08/2026, ca reste en traitement et mon solde est bloqué",Transaction Mobile Money échouée,transfert bloqué,2026-08-30,nouveau,,réseaux sociaux,Bertoua - Deido,REC-2026-46982
"Le 30/08/2026, des opérations frauduleuses pour 19000 FCFA ont été passées avec mon code secret. Je demande le blocage immédiat et le remboursement.",Fraude / hameçonnage,code PIN compromis,2026-08-30,nouveau,,USSD,Kumba - Akwa,REC-2026-88655
"L'appli s'est bloquée le 30/08/2026 après la saisie du code, pour un montant de 150000 F. Depuis, statut incohérent.",Panne / indisponibilité technique,appli plantée pendant transaction,2026-08-30,nouveau,,courrier recommandé,Bafoussam - Biyem-Assi,REC-2026-58604
L'agent MTN MoMo de Akwa a refusé de me servir le 30/08/2026 sous prétexte que le montant de 8 000 000 FCFA était trop faible.,Litige agent Mobile Money,refus de service,2026-08-30,nouveau,,guichet,Ngaoundéré - Mvog-Mbi,REC-2026-36473
"Le 30/08/2026, retrait de 77000 FCFA validé par le système, argent non remis par l'agent de Yaoundé. J'ai porté plainte au commissariat mais je veux d'abord une réponse de votre part.",Transaction Mobile Money échouée,retrait agent refusé,2026-08-30,nouveau,,courrier recommandé,Bamenda - Deido,REC-2026-30837
Virement de 406000 FCFA du 30/08/2026 crédité sur le mauvais compte. L'application a substitué un ancien bénéficiaire au moment de la validation.,Erreur de destinataire,mauvais numéro crédité,2026-08-30,nouveau,,courrier recommandé,Edéa - Essos,REC-2026-66531
lagent du quartier New-Bell a refusé mon retrait de 31000 le 30/08/2026 apres avoir validé le code. mon argent est parti et je nai rien en main,Transaction Mobile Money échouée,retrait agent refusé,2026-08-30,nouveau,,guichet,Bertoua - Tsinga,REC-2026-52130
bonjour jai fait un depot de 134000 sur mon compte Orange Money le 30/08/2026 et jusqua present rien nest arrivé. mon solde a diminué pourtant.,Transaction Mobile Money échouée,débit sans crédit,2026-08-30,nouveau,,application mobile,Bertoua - Bastos,REC-2026-20739
J'ai été victime d'un individu se faisant passer pour un employé de SGC le 30/08/2026. Préjudice : 310000 F.,Fraude / hameçonnage,faux agent,2026-08-30,nouveau,,courriel,Bertoua - Mokolo,REC-2026-95844
retrait de 170000 le 30/08/2026 et les frais sont trop élevés par rapport a ce qui est marqué sur laffiche de lagence,Frais non justifiés,frais de retrait abusifs,2026-08-30,nouveau,,courriel,Yaoundé - New-Bell,REC-2026-92378
"Commission illégale de 41000 F prélevée en espèces par l'agent le 30/08/2026, sans reçu.",Litige agent Mobile Money,sur-facturation,2026-08-30,nouveau,,courriel,Maroua - Tsinga,REC-2026-61950
Mon transfert de 335000 F du 31/08/2026 est parti sur un mauvais numéro. J'avais pourtant choisi le contact enregistré dans mon répertoire.,Erreur de destinataire,mauvais numéro crédité,2026-08-31,nouveau,,centre d'appel,Bertoua - Bastos,REC-2026-37059
Depuis le 31/08/2026 le réseau ne passe plus pour les transactions. Mes 94000 F sont inaccessibles au pire moment.,Panne / indisponibilité technique,service indisponible,2026-08-31,nouveau,,centre d'appel,Dschang - Mokolo,REC-2026-48049
J'ai été victime d'un individu se faisant passer pour un employé de UBA Cameroun le 31/08/2026. Préjudice : 161000 F.,Fraude / hameçonnage,faux agent,2026-08-31,nouveau,,guichet,Ngaoundéré - Akwa,REC-2026-38065
"je narrive pas a finaliser mon envoi de 694000 f depuis le 31/08/2026, ca reste en traitement et mon solde est bloqué",Transaction Mobile Money échouée,transfert bloqué,2026-08-31,nouveau,,application mobile,Kribi - Biyem-Assi,REC-2026-32683
Refus de service le 31/08/2026 à l'agence de Bertoua : on m'a dit que je devais avoir un compte chez eux pour retirer mes 9000 F.,Litige agent Mobile Money,refus de service,2026-08-31,nouveau,,réseaux sociaux,Bertoua - Deido,REC-2026-74732
"Le 31/08/2026 j'ai initié un paiement de 71000 FCFA, la transaction est marquée « réussie » dans l'historique mais le marchand de Melen affirme n'avoir rien reçu. Je suis débité pour rien.",Transaction Mobile Money échouée,débit sans crédit,2026-08-31,nouveau,,courriel,Maroua - Makepe,REC-2026-31696
"Le 31/08/2026, l'agent a reçu 123000 F en espèces de ma part et n'a jamais validé la transaction. Je demande votre intervention.",Litige agent Mobile Money,agent insolvable,2026-08-31,nouveau,,USSD,Garoua - Mokolo,REC-2026-90578
Blocage d'un transfert de 500000 FCFA depuis le 31/08/2026. On me demande de patienter 72h depuis maintenant deux semaines.,Transaction Mobile Money échouée,transfert bloqué,2026-08-31,nouveau,,réseaux sociaux,Kumba - Nlongkak,REC-2026-59881
Mon compte est bloqué depuis le 31/08/2026 suite à un contrôle. Je ne peux plus accéder à mes 245000 FCFA et personne ne m'explique pourquoi.,Compte bloqué / KYC,blocage après contrôle,2026-08-31,nouveau,,USSD,Maroua - Tsinga,REC-2026-15408
"Je me suis présenté chez l'agent Orange Money de Deido à Maroua le 31/08/2026 pour retirer 1 000 000 FCFA. Le code de retrait a été validé, mon compte débité, mais l'agent a refusé de me donner l'argent en disant qu'il n'a pas de liquidité.",Transaction Mobile Money échouée,retrait agent refusé,2026-08-31,nouveau,,guichet,Kumba - Nlongkak,REC-2026-77442
mon compte est bloqué depuis le 31/08/2026 et jai 89000 dedans. jai besoin de cet argent pour la scolarité de mes enfants,Compte bloqué / KYC,blocage après contrôle,2026-08-31,nouveau,,courrier recommandé,Limbe - Bonamoussadi,REC-2026-49744
"Impossible de me connecter depuis le 31/08/2026. Le serveur renvoie une erreur à chaque essai, y compris en agence.",Panne / indisponibilité technique,service indisponible,2026-08-31,nouveau,,réseaux sociaux,Edéa - Bastos,REC-2026-16427
"Le 31/08/2026, des opérations frauduleuses pour 648000 FCFA ont été passées avec mon code secret. Je demande le blocage immédiat et le remboursement.",Fraude / hameçonnage,code PIN compromis,2026-08-31,nouveau,,courriel,Kumba - Bastos,REC-2026-84509
"Le 31/08/2026, l'appli s'est fermée pendant mon transfert de 73000 F. Mon solde a baissé mais aucune trace dans l'historique.",Panne / indisponibilité technique,appli plantée pendant transaction,2026-08-31,nouveau,,agence,Bertoua - Biyem-Assi,REC-2026-61987
L'application a planté le 31/08/2026 en pleine transaction de 355000 FCFA. Je ne sais pas si l'opération est passée ou non.,Panne / indisponibilité technique,appli plantée pendant transaction,2026-08-31,nouveau,,application mobile,Maroua - Biyem-Assi,REC-2026-79205
lapplication a bugé le 31/08/2026 pendant que jenvoyais 9000. maintenant je sais pas ou est mon argent,Panne / indisponibilité technique,appli plantée pendant transaction,2026-08-31,nouveau,,centre d'appel,Dschang - Bastos,REC-2026-76191
"Ma facture s'élevait à 81000 F, le prélèvement du 31/08/2026 est supérieur. Je conteste formellement cet écart.",Double débit / débit erroné,montant incorrect,2026-08-31,nouveau,,réseaux sociaux,Buea - Deido,REC-2026-47778
